{"resourceType":"CapabilityStatement","id":"client","text":{"status":"generated","div":"<div xmlns=\"http://www.w3.org/1999/xhtml\">\n      <ul>\n        <li>FHIR Version: 3.0.1</li>\n        <li>Supported formats: xml, json</li>\n        <li>Published: 2017-03-08</li>\n        <li>Published by: Health eData Inc</li>\n      </ul>\n      <p>The Section describes the expected capabilities etc....</p>\n    </div>"},"url":"http://fhir.org/guides/argonaut-scheduling/CapabilityStatement/client","version":"0.0.0","name":"Client","status":"draft","date":"2017-03-08T00:00:00-08:00","publisher":"Health eData Inc","contact":[{"telecom":[{"system":"other","value":"ehaas@healthedatainc.com"}]}],"description":"This resource defines the expected capabilities ","jurisdiction":[{"coding":[{"system":"urn:iso:std:iso:3166","code":"US","display":"United States of America"}]}],"kind":"requirements","fhirVersion":"3.0.1","acceptUnknown":"extensions","format":["xml","json"],"rest":[{"mode":"client","resource":[{"type":"Slot","interaction":[{"extension":[{"url":"http://hl7.org/fhir/StructureDefinition/capabilitystatement-expectation","valueCode":"SHOULD"}],"code":"search-type"},{"extension":[{"url":"http://hl7.org/fhir/StructureDefinition/capabilitystatement-expectation","valueCode":"SHOULD"}],"code":"read"},{"extension":[{"url":"http://hl7.org/fhir/StructureDefinition/capabilitystatement-expectation","valueCode":"SHOULD"}],"code":"history-instance"},{"extension":[{"url":"http://hl7.org/fhir/StructureDefinition/capabilitystatement-expectation","valueCode":"SHOULD"}],"code":"vread"}]}]}]}