{"resourceType":"CodeSystem","id":"appt-type","text":{"status":"generated","div":"<div xmlns=\"http://www.w3.org/1999/xhtml\"><h2>AppointmentTypes</h2><div><p>The style of appointment or patient for appointment booking (not service type).</p>\n</div><p>This code system http://fhir.org/guides/argonaut-scheduling/CodeSystem/appt-type defines the following codes:</p><table class=\"codes\"><tr><td><b>Code</b></td><td><b>Display</b></td><td><b>Definition</b></td></tr><tr><td>new-patient<a name=\"appt-type-new-patient\"> </a></td><td>New Patient</td><td>An appointment for a patient who is new to the provider</td></tr><tr><td>post-op<a name=\"appt-type-post-op\"> </a></td><td>Post-Op</td><td>An appointment to follow up on an operative procedure</td></tr><tr><td>pre-op<a name=\"appt-type-pre-op\"> </a></td><td>Pre-Op</td><td>An appointment to prepare for an operative procedure</td></tr><tr><td>same-day<a name=\"appt-type-same-day\"> </a></td><td>Same Day</td><td>An appoinment to be seen by a provider the same day</td></tr><tr><td>urgent<a name=\"appt-type-urgent\"> </a></td><td>Urgent</td><td>An appointment for an urgent problem or condition</td></tr></table></div>"},"url":"http://fhir.org/guides/argonaut-scheduling/CodeSystem/appt-type","version":"0.0.0","name":"AppointmentTypes","status":"draft","experimental":false,"date":"2017-07-15T09:46:45-07:00","description":"The style of appointment or patient for appointment booking (not service type).","jurisdiction":[{"coding":[{"system":"urn:iso:std:iso:3166","code":"US","display":"United States Minor Outlying Islands (the)"}]}],"caseSensitive":true,"valueSet":"http://fhir.org/guides/argonaut-scheduling/ValueSet/appt-type","content":"complete","concept":[{"code":"new-patient","display":"New Patient","definition":"An appointment for a patient who is new to the provider"},{"code":"post-op","display":"Post-Op","definition":"An appointment to follow up on an operative procedure"},{"code":"pre-op","display":"Pre-Op","definition":"An appointment to prepare for an operative procedure"},{"code":"same-day","display":"Same Day","definition":"An appoinment to be seen by a provider the same day"},{"code":"urgent","display":"Urgent","definition":"An appointment for an urgent problem or condition"}]}