{"resourceType":"ImplementationGuide","id":"ig","text":{"status":"generated","div":"<div xmlns=\"http://www.w3.org/1999/xhtml\"><h2>IG-Test3</h2><p>The official URL for this implementation guide is: </p><pre>http://www.fhir.org/guides/test3/ImplementationGuide/ig</pre></div>"},"url":"http://www.fhir.org/guides/test3/ImplementationGuide/ig","name":"IG-Test3","status":"draft","experimental":true,"publisher":"Health eData Inc","package":[{"name":"base","resource":[{"extension":[{"url":"http://hl7.org/fhir/StructureDefinition/implementationguide-page","valueUri":"Observation-example.html"}],"example":true,"sourceReference":{"reference":"Observation/example"}},{"extension":[{"url":"http://hl7.org/fhir/StructureDefinition/implementationguide-page","valueUri":"StructureDefinition-extension-complex.html"}],"sourceReference":{"reference":"StructureDefinition/extension-complex"}},{"extension":[{"url":"http://hl7.org/fhir/StructureDefinition/implementationguide-page","valueUri":"StructureDefinition-extension-blah.html"}],"sourceReference":{"reference":"StructureDefinition/extension-blah"}},{"extension":[{"url":"http://hl7.org/fhir/StructureDefinition/implementationguide-page","valueUri":"StructureDefinition-template-basic.html"}],"sourceReference":{"reference":"StructureDefinition/template-basic"}},{"extension":[{"url":"http://hl7.org/fhir/StructureDefinition/implementationguide-page","valueUri":"StructureMap-Foo.html"}],"sourceReference":{"reference":"StructureMap/Foo"}},{"extension":[{"url":"http://hl7.org/fhir/StructureDefinition/implementationguide-page","valueUri":"StructureDefinition-ifr.html"}],"sourceReference":{"reference":"StructureDefinition/ifr"}},{"extension":[{"url":"http://hl7.org/fhir/StructureDefinition/implementationguide-page","valueUri":"CapabilityStatement-server.html"}],"sourceReference":{"reference":"CapabilityStatement/server"}},{"extension":[{"url":"http://hl7.org/fhir/StructureDefinition/implementationguide-page","valueUri":"CapabilityStatement-client.html"}],"sourceReference":{"reference":"CapabilityStatement/client"}},{"extension":[{"url":"http://hl7.org/fhir/StructureDefinition/implementationguide-page","valueUri":"StructureDefinition-bt.html"}],"sourceReference":{"reference":"StructureDefinition/bt"}}]},{"name":"/Users/ehaas/Documents/FHIR/IG-Template2/source/resources/bt-profile-spreadsheet","resource":[{"extension":[{"url":"http://hl7.org/fhir/StructureDefinition/implementationguide-page","valueUri":"StructureDefinition-bt.html"}],"name":"This is a draft Blood Type Profile","sourceReference":{"reference":"StructureDefinition/bt"}}]},{"name":"Identifer Free Reference Data Type","resource":[{"extension":[{"url":"http://hl7.org/fhir/StructureDefinition/implementationguide-page","valueUri":"StructureDefinition-ifr.html"}],"name":"Identifer Free Reference Data Type","sourceReference":{"reference":"StructureDefinition/ifr"}}]},{"name":"/Users/ehaas/Documents/FHIR/IG-Template2/source/resources/template-profile-spreadsheet","resource":[{"extension":[{"url":"http://hl7.org/fhir/StructureDefinition/implementationguide-page","valueUri":"ValueSet-blah-codes.html"}],"name":"BlahCodes","sourceReference":{"reference":"ValueSet/blah-codes"}},{"extension":[{"url":"http://hl7.org/fhir/StructureDefinition/implementationguide-page","valueUri":"CodeSystem-blah-codes.html"}],"name":"BlahCodes","sourceReference":{"reference":"CodeSystem/blah-codes"}},{"extension":[{"url":"http://hl7.org/fhir/StructureDefinition/implementationguide-page","valueUri":"StructureDefinition-extension-blah.html"}],"name":"Example Extension","sourceReference":{"reference":"StructureDefinition/extension-blah"}},{"extension":[{"url":"http://hl7.org/fhir/StructureDefinition/implementationguide-page","valueUri":"StructureDefinition-extension-complex.html"}],"name":"Complex Extension","sourceReference":{"reference":"StructureDefinition/extension-complex"}},{"extension":[{"url":"http://hl7.org/fhir/StructureDefinition/implementationguide-page","valueUri":"StructureDefinition-template-basic.html"}],"name":"Profile template-basic","sourceReference":{"reference":"StructureDefinition/template-basic"}}]}],"page":{"source":"index.md","title":"IG-Test3 Homepage","kind":"page","page":[{"source":"_includes/toc.md","title":"IG-Test3 Table of Contents","kind":"page"}]}}