{"resourceType":"ImplementationGuide","id":"ig","text":{"status":"generated","div":"<div xmlns=\"http://www.w3.org/1999/xhtml\"><h2>Argo-Scheduling</h2><p>The official URL for this implementation guide is: </p><pre>http://fhir.org/guides/argonaut-scheduling/ImplementationGuide/ig</pre></div>"},"url":"http://fhir.org/guides/argonaut-scheduling/ImplementationGuide/ig","name":"Argo-Scheduling","status":"draft","experimental":true,"publisher":"Argonaut Project","package":[{"name":"base","resource":[{"extension":[{"url":"http://hl7.org/fhir/StructureDefinition/implementationguide-page","valueUri":"Subscription-example.html"}],"example":true,"sourceReference":{"reference":"Subscription/example"}},{"extension":[{"url":"http://hl7.org/fhir/StructureDefinition/implementationguide-page","valueUri":"Slot-2017-09-07T154500-arg-s-6.html"}],"example":true,"sourceReference":{"reference":"Slot/2017-09-07T154500-arg-s-6"}},{"extension":[{"url":"http://hl7.org/fhir/StructureDefinition/implementationguide-page","valueUri":"Schedule-example1.html"}],"example":true,"sourceReference":{"reference":"Schedule/example1"}},{"extension":[{"url":"http://hl7.org/fhir/StructureDefinition/implementationguide-page","valueUri":"Appointment-proposed-appt3.html"}],"example":true,"sourceReference":{"reference":"Appointment/proposed-appt3"}},{"extension":[{"url":"http://hl7.org/fhir/StructureDefinition/implementationguide-page","valueUri":"Appointment-proposed-appt2b-3.html"}],"example":true,"sourceReference":{"reference":"Appointment/proposed-appt2b-3"}},{"extension":[{"url":"http://hl7.org/fhir/StructureDefinition/implementationguide-page","valueUri":"Appointment-proposed-appt2b-2.html"}],"example":true,"sourceReference":{"reference":"Appointment/proposed-appt2b-2"}},{"extension":[{"url":"http://hl7.org/fhir/StructureDefinition/implementationguide-page","valueUri":"Appointment-proposed-appt2b-1.html"}],"example":true,"sourceReference":{"reference":"Appointment/proposed-appt2b-1"}},{"extension":[{"url":"http://hl7.org/fhir/StructureDefinition/implementationguide-page","valueUri":"Appointment-proposed-appt2.html"}],"example":true,"sourceReference":{"reference":"Appointment/proposed-appt2"}},{"extension":[{"url":"http://hl7.org/fhir/StructureDefinition/implementationguide-page","valueUri":"Appointment-proposed-appt1a-3.html"}],"example":true,"sourceReference":{"reference":"Appointment/proposed-appt1a-3"}},{"extension":[{"url":"http://hl7.org/fhir/StructureDefinition/implementationguide-page","valueUri":"Appointment-proposed-appt1a-2.html"}],"example":true,"sourceReference":{"reference":"Appointment/proposed-appt1a-2"}},{"extension":[{"url":"http://hl7.org/fhir/StructureDefinition/implementationguide-page","valueUri":"Appointment-proposed-appt1a-1.html"}],"example":true,"sourceReference":{"reference":"Appointment/proposed-appt1a-1"}},{"extension":[{"url":"http://hl7.org/fhir/StructureDefinition/implementationguide-page","valueUri":"Appointment-proposed-appt1.html"}],"example":true,"sourceReference":{"reference":"Appointment/proposed-appt1"}},{"extension":[{"url":"http://hl7.org/fhir/StructureDefinition/implementationguide-page","valueUri":"Practitioner-dr-y.html"}],"example":true,"sourceReference":{"reference":"Practitioner/dr-y"}},{"extension":[{"url":"http://hl7.org/fhir/StructureDefinition/implementationguide-page","valueUri":"Patient-argo-sch-patient-2.html"}],"example":true,"sourceReference":{"reference":"Patient/argo-sch-patient-2"}},{"extension":[{"url":"http://hl7.org/fhir/StructureDefinition/implementationguide-page","valueUri":"Patient-argo-sch-patient-1.html"}],"example":true,"sourceReference":{"reference":"Patient/argo-sch-patient-1"}},{"extension":[{"url":"http://hl7.org/fhir/StructureDefinition/implementationguide-page","valueUri":"OperationOutcome-example.html"}],"example":true,"sourceReference":{"reference":"OperationOutcome/example"}},{"extension":[{"url":"http://hl7.org/fhir/StructureDefinition/implementationguide-page","valueUri":"Coverage-argo-sch-2.html"}],"example":true,"sourceReference":{"reference":"Coverage/argo-sch-2"}},{"extension":[{"url":"http://hl7.org/fhir/StructureDefinition/implementationguide-page","valueUri":"Coverage-argo-sch-1.html"}],"example":true,"sourceReference":{"reference":"Coverage/argo-sch-1"}},{"extension":[{"url":"http://hl7.org/fhir/StructureDefinition/implementationguide-page","valueUri":"Bundle-prefetch-derm-appts.html"}],"example":true,"sourceReference":{"reference":"Bundle/prefetch-derm-appts"}},{"extension":[{"url":"http://hl7.org/fhir/StructureDefinition/implementationguide-page","valueUri":"Bundle-hal-dr-y-appts.html"}],"example":true,"sourceReference":{"reference":"Bundle/hal-dr-y-appts"}},{"extension":[{"url":"http://hl7.org/fhir/StructureDefinition/implementationguide-page","valueUri":"ValueSet-visit-type.html"}],"sourceReference":{"reference":"ValueSet/visit-type"}},{"extension":[{"url":"http://hl7.org/fhir/StructureDefinition/implementationguide-page","valueUri":"ValueSet-status-reason.html"}],"sourceReference":{"reference":"ValueSet/status-reason"}},{"extension":[{"url":"http://hl7.org/fhir/StructureDefinition/implementationguide-page","valueUri":"ValueSet-specialty.html"}],"sourceReference":{"reference":"ValueSet/specialty"}},{"extension":[{"url":"http://hl7.org/fhir/StructureDefinition/implementationguide-page","valueUri":"ValueSet-slot-bundle-type.html"}],"sourceReference":{"reference":"ValueSet/slot-bundle-type"}},{"extension":[{"url":"http://hl7.org/fhir/StructureDefinition/implementationguide-page","valueUri":"ValueSet-sct-services.html"}],"sourceReference":{"reference":"ValueSet/sct-services"}},{"extension":[{"url":"http://hl7.org/fhir/StructureDefinition/implementationguide-page","valueUri":"ValueSet-appt-type.html"}],"sourceReference":{"reference":"ValueSet/appt-type"}},{"extension":[{"url":"http://hl7.org/fhir/StructureDefinition/implementationguide-page","valueUri":"StructureDefinition-slot-bundle.html"}],"sourceReference":{"reference":"StructureDefinition/slot-bundle"}},{"extension":[{"url":"http://hl7.org/fhir/StructureDefinition/implementationguide-page","valueUri":"StructureDefinition-prefetch-slot.html"}],"sourceReference":{"reference":"StructureDefinition/prefetch-slot"}},{"extension":[{"url":"http://hl7.org/fhir/StructureDefinition/implementationguide-page","valueUri":"StructureDefinition-extension-subscription-triggerevent.html"}],"sourceReference":{"reference":"StructureDefinition/extension-subscription-triggerevent"}},{"extension":[{"url":"http://hl7.org/fhir/StructureDefinition/implementationguide-page","valueUri":"StructureDefinition-extension-subscription-payloadprofile.html"}],"sourceReference":{"reference":"StructureDefinition/extension-subscription-payloadprofile"}},{"extension":[{"url":"http://hl7.org/fhir/StructureDefinition/implementationguide-page","valueUri":"StructureDefinition-extension-subscription-eventfocus.html"}],"sourceReference":{"reference":"StructureDefinition/extension-subscription-eventfocus"}},{"extension":[{"url":"http://hl7.org/fhir/StructureDefinition/implementationguide-page","valueUri":"StructureDefinition-extension-status-reason.html"}],"sourceReference":{"reference":"StructureDefinition/extension-status-reason"}},{"extension":[{"url":"http://hl7.org/fhir/StructureDefinition/implementationguide-page","valueUri":"StructureDefinition-avail-bundle.html"}],"sourceReference":{"reference":"StructureDefinition/avail-bundle"}},{"extension":[{"url":"http://hl7.org/fhir/StructureDefinition/implementationguide-page","valueUri":"StructureDefinition-argo-sub-notif.html"}],"sourceReference":{"reference":"StructureDefinition/argo-sub-notif"}},{"extension":[{"url":"http://hl7.org/fhir/StructureDefinition/implementationguide-page","valueUri":"StructureDefinition-argo-sched-notif.html"}],"sourceReference":{"reference":"StructureDefinition/argo-sched-notif"}},{"extension":[{"url":"http://hl7.org/fhir/StructureDefinition/implementationguide-page","valueUri":"StructureDefinition-argo-coverage.html"}],"sourceReference":{"reference":"StructureDefinition/argo-coverage"}},{"extension":[{"url":"http://hl7.org/fhir/StructureDefinition/implementationguide-page","valueUri":"StructureDefinition-argo-appt.html"}],"sourceReference":{"reference":"StructureDefinition/argo-appt"}},{"extension":[{"url":"http://hl7.org/fhir/StructureDefinition/implementationguide-page","valueUri":"OperationDefinition-slot-prefetch.html"}],"sourceReference":{"reference":"OperationDefinition/slot-prefetch"}},{"extension":[{"url":"http://hl7.org/fhir/StructureDefinition/implementationguide-page","valueUri":"OperationDefinition-appointment-hold.html"}],"sourceReference":{"reference":"OperationDefinition/appointment-hold"}},{"extension":[{"url":"http://hl7.org/fhir/StructureDefinition/implementationguide-page","valueUri":"OperationDefinition-appointment-find.html"}],"sourceReference":{"reference":"OperationDefinition/appointment-find"}},{"extension":[{"url":"http://hl7.org/fhir/StructureDefinition/implementationguide-page","valueUri":"OperationDefinition-appointment-book.html"}],"sourceReference":{"reference":"OperationDefinition/appointment-book"}},{"extension":[{"url":"http://hl7.org/fhir/StructureDefinition/implementationguide-page","valueUri":"ConceptMap-visit-snomed-map.html"}],"sourceReference":{"reference":"ConceptMap/visit-snomed-map"}},{"extension":[{"url":"http://hl7.org/fhir/StructureDefinition/implementationguide-page","valueUri":"ConceptMap-visit-appt-map.html"}],"sourceReference":{"reference":"ConceptMap/visit-appt-map"}},{"extension":[{"url":"http://hl7.org/fhir/StructureDefinition/implementationguide-page","valueUri":"CodeSystem-visit-type.html"}],"sourceReference":{"reference":"CodeSystem/visit-type"}},{"extension":[{"url":"http://hl7.org/fhir/StructureDefinition/implementationguide-page","valueUri":"CodeSystem-status-reason.html"}],"sourceReference":{"reference":"CodeSystem/status-reason"}},{"extension":[{"url":"http://hl7.org/fhir/StructureDefinition/implementationguide-page","valueUri":"CodeSystem-appt-type.html"}],"sourceReference":{"reference":"CodeSystem/appt-type"}},{"extension":[{"url":"http://hl7.org/fhir/StructureDefinition/implementationguide-page","valueUri":"CapabilityStatement-server.html"}],"sourceReference":{"reference":"CapabilityStatement/server"}},{"extension":[{"url":"http://hl7.org/fhir/StructureDefinition/implementationguide-page","valueUri":"CapabilityStatement-client.html"}],"sourceReference":{"reference":"CapabilityStatement/client"}}]}],"page":{"source":"index.md","title":"Argo-Scheduling Homepage","kind":"page","page":[{"source":"_includes/toc.md","title":"Argo-Scheduling Table of Contents","kind":"page"}]}}