{"resourceType":"OperationDefinition","id":"appointment-book","text":{"status":"generated","div":"<div xmlns=\"http://www.w3.org/1999/xhtml\"><h2>Appointment Book</h2><p>OPERATION: Appointment Book</p><p>The official URL for this operation definition is: </p><pre>http://fhir.org/guides/argonaut-scheduling/OperationDefinition/appointment-book</pre><div><p>Request to book the selected proposed Appointment.  This operation  follows the appointment availability (<code>$find</code>) and optional <code>$hold</code> operations.  The server determines if the nominated appointment is still available (i.e., all the required actors and physical assets needed for the appointment are still available) .</p>\n</div><p>URL: [base]/Appointment/$book</p><p>Parameters</p><table class=\"grid\"><tr><td><b>Use</b></td><td><b>Name</b></td><td><b>Cardinality</b></td><td><b>Type</b></td><td><b>Binding</b></td><td><b>Documentation</b></td></tr><tr><td>IN</td><td>appt-id</td><td>0..1</td><td>uri</td><td/><td><div><p>A resource id for one of proposed Appointments returned by a prior <code>$find</code> operation (e.g., Resource/1234).  This is the same resource id as used for the <code>$hold</code> operation.  References can be to an absolute URL, but servers only perform this operation on their own appointments.</p>\n</div></td></tr><tr><td>IN</td><td>appt-resource</td><td>0..1</td><td>Appointment</td><td/><td><div><p>When prefetching Open Slots, an Argonaut Appointment Profile resource is created by the Client Application and is exchanged with the FHIR Scheduler (EHR). This parameter represents this profile and is the same profile as used for the <code>$hold</code> operation.</p>\n</div></td></tr><tr><td>IN</td><td>cancelled-appt-id</td><td>0..1</td><td>uri</td><td/><td><div><p>For this implementation, rescheduling is two step process of cancelling an appointment and rebooking a new appointment.  This parameter represents the resource id (e.g., Resource/1234) of the <em>cancelled</em> Appointment and the <code>appt-id</code> parameter represents the <em>new</em> appointment when rescheduling and rebooking a new appointment.  This is the same cancelled resource id used in the <code>$hold</code> operation.  References can be to an absolute URL, but servers only perform this operation on their own appointments.</p>\n</div></td></tr><tr><td>IN</td><td>patient-id</td><td>0..*</td><td>uri</td><td/><td><div><p>A resource id for the Patient(s) participant in the resource (e.g., Patient/1234).  References can be to an absolute URL, but servers only perform this operation on their own patients.  For existing patients the client may need to fetch Patient ID using RESTful <code>GET</code> to the FHIR Server (i.e., <a href=\"{{site.data.fhir.uscore}}/StructureDefinition-us-core-patient.html#search\">US-Core Patient Search</a>). For new patients client needs to fetch Patient ID using RESTful <code>POST</code> to register the patient on the FHIR Server (see <a href=\"{{site.data.fhir.path}}/http.html#create\">create</a> and <a href=\"{{site.data.fhir.path}}/http.html#ccreate\">conditional create</a>)</p>\n</div></td></tr><tr><td>IN</td><td>comment</td><td>0..1</td><td>string</td><td/><td><div><p>Comments or special instructions</p>\n</div></td></tr><tr><td>OUT</td><td>return</td><td>0..1</td><td>Bundle</td><td/><td><div><p>An <a href=\"StructureDefinition-avail-bundle.html\">Argonaut Appointment Bundle Profile </a> of type <code>searchset</code> of requested Appointment resource and may also contain an <a href=\"{{site.data.fhir.path}}/operationoutcome.html\">OperationOutcome</a> with errors, warnings or information as a result of processing the operation.   If the booking is accepted, the Appointment resource will have an updated <code>status</code> of &quot;booked&quot; and  the <code>participants</code>element updated to include the patients.  If the booking is rejected, the Appointment resource will have an updated <code>status</code> of  &quot;cancelled&quot;.</p>\n</div></td></tr></table><div><p>This operation is not idempotent (see the HTTP specification definition of idempotent ) and may only be invoked by performing an HTTP POST.</p>\n<p>It is assumed that the server has identified and secured the context appropriately, and can either associate the authorization context with the patient(s), or determine whether the context has the rights to the nominated patient(s), if there is one.  Specifying the relationship between the context, a user and patient records is outside the scope of this specification</p>\n</div></div>"},"url":"http://fhir.org/guides/argonaut-scheduling/OperationDefinition/appointment-book","version":"0.0.0","name":"Appointment Book","status":"draft","kind":"operation","date":"2017-08-09T11:36:05-07:00","publisher":"Argonaut Project","description":"Request to book the selected proposed Appointment.  This operation  follows the appointment availability (`$find`) and optional `$hold` operations.  The server determines if the nominated appointment is still available (i.e., all the required actors and physical assets needed for the appointment are still available) .","jurisdiction":[{"coding":[{"system":"urn:iso:std:iso:3166","code":"US"}]}],"affectsState":true,"code":"book","comment":"This operation is not idempotent (see the HTTP specification definition of idempotent ) and may only be invoked by performing an HTTP POST.\r\r It is assumed that the server has identified and secured the context appropriately, and can either associate the authorization context with the patient(s), or determine whether the context has the rights to the nominated patient(s), if there is one.  Specifying the relationship between the context, a user and patient records is outside the scope of this specification","resource":["Appointment"],"system":false,"type":true,"instance":false,"parameter":[{"name":"appt-id","use":"in","min":0,"max":"1","documentation":"A resource id for one of proposed Appointments returned by a prior `$find` operation (e.g., Resource/1234).  This is the same resource id as used for the `$hold` operation.  References can be to an absolute URL, but servers only perform this operation on their own appointments.","type":"uri"},{"name":"appt-resource","use":"in","min":0,"max":"1","documentation":"When prefetching Open Slots, an Argonaut Appointment Profile resource is created by the Client Application and is exchanged with the FHIR Scheduler (EHR). This parameter represents this profile and is the same profile as used for the `$hold` operation.","type":"Appointment"},{"name":"cancelled-appt-id","use":"in","min":0,"max":"1","documentation":"For this implementation, rescheduling is two step process of cancelling an appointment and rebooking a new appointment.  This parameter represents the resource id (e.g., Resource/1234) of the *cancelled* Appointment and the `appt-id` parameter represents the *new* appointment when rescheduling and rebooking a new appointment.  This is the same cancelled resource id used in the `$hold` operation.  References can be to an absolute URL, but servers only perform this operation on their own appointments.","type":"uri"},{"name":"patient-id","use":"in","min":0,"max":"*","documentation":"A resource id for the Patient(s) participant in the resource (e.g., Patient/1234).  References can be to an absolute URL, but servers only perform this operation on their own patients.  For existing patients the client may need to fetch Patient ID using RESTful `GET` to the FHIR Server (i.e., [US-Core Patient Search]({{site.data.fhir.uscore}}/StructureDefinition-us-core-patient.html#search)). For new patients client needs to fetch Patient ID using RESTful `POST` to register the patient on the FHIR Server (see [create]({{site.data.fhir.path}}/http.html#create) and [conditional create]({{site.data.fhir.path}}/http.html#ccreate))","type":"uri"},{"name":"comment","use":"in","min":0,"max":"1","documentation":"Comments or special instructions","type":"string"},{"name":"return","use":"out","min":0,"max":"1","documentation":"An [Argonaut Appointment Bundle Profile ](StructureDefinition-avail-bundle.html) of type `searchset` of requested Appointment resource and may also contain an [OperationOutcome]({{site.data.fhir.path}}/operationoutcome.html) with errors, warnings or information as a result of processing the operation.   If the booking is accepted, the Appointment resource will have an updated `status` of \"booked\" and  the `participants`element updated to include the patients.  If the booking is rejected, the Appointment resource will have an updated `status` of  \"cancelled\".","type":"Bundle","targetProfile":["StructureDefinition/avail-bundle"]}]}