{"resourceType":"OperationDefinition","id":"appointment-find","text":{"status":"generated","div":"<div xmlns=\"http://www.w3.org/1999/xhtml\">\n\t\t\t<h2>Appointment Availability Operation</h2>\n\t\t\t<p>OPERATION: Appointment Availability Operation</p>\n\t\t\t<p>The official URL for this operation definition is: </p>\n\t\t\t<pre>http://fhir.org/guides/argonaut-scheduling/OperationDefinition/appointment-find</pre>\n\t\t\t<div>\n\t\t\t\t<p>Searches for availability for a future appointment(s) within a time period of defined by date range input parameters.  If neither a start or end date is given then the maximum period as defined by local business rules and starting from when the  operation was transacted will be used.   Other input parameter further refine the search and include  practitioner references, specialties, visit type, locations, and patient information. From these criteria, a system determines which schedulable resources ( e.g., people, rooms, equiibment) are needed for the visit, and provides time slots where all required resources are available.</p>\n\t\t\t\t<p>Note that for input parameters that are codes, the simple FHIR <a href=\"http://build.fhir.org/search.html#token\">token</a> search parameter type is used instead of the complex <code>Coding</code> datatype.  Also, the simple <code>uri</code> datatype is used instead of the complex <code>Reference</code> datatype for resources references.  This allows either the 'GET'  or the 'POST' syntax to be used to initiate the interaction in many cases.  Examples of both are shown in the below.</p>\n\t\t\t</div>\n\t\t\t<p>URL: [base]/Appointment/$find</p>\n\t\t\t<p>Parameters</p>\n\t\t\t<table class=\"grid\">\n\t\t\t\t<tr>\n\t\t\t\t\t<td>\n\t\t\t\t\t\t<b>Use</b>\n\t\t\t\t\t</td>\n\t\t\t\t\t<td>\n\t\t\t\t\t\t<b>Name</b>\n\t\t\t\t\t</td>\n\t\t\t\t\t<td>\n\t\t\t\t\t\t<b>Cardinality</b>\n\t\t\t\t\t</td>\n\t\t\t\t\t<td>\n\t\t\t\t\t\t<b>Type</b>\n\t\t\t\t\t</td>\n\t\t\t\t\t<td>\n\t\t\t\t\t\t<b>Binding</b>\n\t\t\t\t\t</td>\n\t\t\t\t\t<td>\n\t\t\t\t\t\t<b>Documentation</b>\n\t\t\t\t\t</td>\n\t\t\t\t</tr>\n\t\t\t\t<tr>\n\t\t\t\t\t<td>IN</td>\n\t\t\t\t\t<td>start</td>\n\t\t\t\t\t<td>1..1</td>\n\t\t\t\t\t<td>dateTime</td>\n\t\t\t\t\t<td/>\n\t\t\t\t\t<td>\n\t\t\t\t\t\t<div>\n\t\t\t\t\t\t\t<p>The period of time that should be checked for appointment availability.- e.g., look for all available appointments in a certain date range. If no start date is provided,  all available appointments prior to the end date are in scope (subject to limits imposed by local business rules).</p>\n\t\t\t\t\t\t</div>\n\t\t\t\t\t</td>\n\t\t\t\t</tr>\n\t\t\t\t<tr>\n\t\t\t\t\t<td>IN</td>\n\t\t\t\t\t<td>end</td>\n\t\t\t\t\t<td>1..1</td>\n\t\t\t\t\t<td>dateTime</td>\n\t\t\t\t\t<td/>\n\t\t\t\t\t<td>\n\t\t\t\t\t\t<div>\n\t\t\t\t\t\t\t<p>The period of time that should be checked for appointment availability.- e.g., look for all available appointments in a certain date range. If no end date is provided, all available appointments after the start date are in scope (subject to limits imposed by local business rules).</p>\n\t\t\t\t\t\t</div>\n\t\t\t\t\t</td>\n\t\t\t\t</tr>\n\t\t\t\t<tr>\n\t\t\t\t\t<td>IN</td>\n\t\t\t\t\t<td>specialty</td>\n\t\t\t\t\t<td>0..*</td>\n\t\t\t\t\t<td>string (<a href=\"http://hl7.org/fhir/STU3/search.html#token\">token</a>)</td>\n\t\t\t\t\t<td>\n\t\t\t\t\t\t<a href=\"ValueSet-specialty.html\">http://fhir.org/guides/argonaut-scheduling/ValueSet/specialty</a> (Extensible)</td>\n\t\t\t\t\t<td>\n\t\t\t\t\t\t<div>\n\t\t\t\t\t\t\t<p>The code for which specialty is requested for the appointment. ( e.g., 'Dermatology').   If multiple codes are listed, the order of the codes will interpreted as the order of preference.  The response will contain appointments with any of these actors (i.e. this does not drive joint appointment with multiple actors).  Each parameter value SHALL contain <em>both</em> the system property and the code property for a code using the general syntax <code>specialty=[system]|[code]</code>.   See the examples below for how this is implemented.</p>\n\t\t\t\t\t\t</div>\n\t\t\t\t\t</td>\n\t\t\t\t</tr>\n\t\t\t\t<tr>\n\t\t\t\t\t<td>IN</td>\n\t\t\t\t\t<td>visit-type</td>\n\t\t\t\t\t<td>0..*</td>\n\t\t\t\t\t<td>string (<a href=\"http://hl7.org/fhir/STU3/search.html#token\">token</a>)</td>\n\t\t\t\t\t<td>\n\t\t\t\t\t\t<a href=\"ValueSet-visit-type.html\">http://fhir.org/guides/argonaut-scheduling/ValueSet/visit-type</a> (Extensible)</td>\n\t\t\t\t\t<td>\n\t\t\t\t\t\t<div>\n\t\t\t\t\t\t\t<p>The code for one of the common appointment visit types for scheduling.  ( e.g.,'Echocardiography' or  'Well child visit' ). This list of visit types is extensible and implementers may choose to add there own codes.  If multiple codes are listed, the order of the codes will interpreted as the order of preference.  The response will contain appointments with any of these services (i.e. this does not drive joint appointment with multiple services).  Each parameter value SHALL contain <em>both</em> the system property and the code property for a code using the general syntax <code>service-type=[system]|[code]</code>.   See the examples below for how this is implemented.</p>\n\t\t\t\t\t\t</div>\n\t\t\t\t\t</td>\n\t\t\t\t</tr>\n\t\t\t\t<tr>\n\t\t\t\t\t<td>IN</td>\n\t\t\t\t\t<td>practitioner</td>\n\t\t\t\t\t<td>0..*</td>\n\t\t\t\t\t<td>uri</td>\n\t\t\t\t\t<td/>\n\t\t\t\t\t<td>\n\t\t\t\t\t\t<div>\n\t\t\t\t\t\t\t<p>The Practitioner reference when performing a provider based query.  This is a reference to a FHIR Practitioner resource,  e.g. 'Practitioner/123'.   If multiple practitioner references are listed, the order will interpreted as the order of preference.  The response will contain appointments with any of these actors (i.e. this does not drive joint appointment with multiple actors).</p>\n\t\t\t\t\t\t</div>\n\t\t\t\t\t</td>\n\t\t\t\t</tr>\n\t\t\t\t<tr>\n\t\t\t\t\t<td>IN</td>\n\t\t\t\t\t<td>organization</td>\n\t\t\t\t\t<td>0..*</td>\n\t\t\t\t\t<td>uri</td>\n\t\t\t\t\t<td/>\n\t\t\t\t\t<td>\n\t\t\t\t\t\t<div>\n\t\t\t\t\t\t\t<p>The Organization reference when performing a provider based query.  This is a reference to a FHIR Organization resource,  e.g. 'Organization/abc'.  If multiple organization references are listed, the order will interpreted as the order of preference.  The response will contain appointments with any of these actors (i.e. this does not drive joint appointment with multiple actors).</p>\n\t\t\t\t\t\t</div>\n\t\t\t\t\t</td>\n\t\t\t\t</tr>\n\t\t\t\t<tr>\n\t\t\t\t\t<td>IN</td>\n\t\t\t\t\t<td>location-string</td>\n\t\t\t\t\t<td>0..*</td>\n\t\t\t\t\t<td>string (<a href=\"http://hl7.org/fhir/STU3/search.html#string\">string</a>)</td>\n\t\t\t\t\t<td/>\n\t\t\t\t\t<td>\n\t\t\t\t\t\t<div>\n\t\t\t\t\t\t\t<p>A (part of the) address of the location of interest.  (e.g., zip codes, city or state).  This string parameter is interpreted as a  <a href=\"http://build.fhir.org/search.html#string\">String search parameter</a> and covers the <code>string</code> type elements in the <a href=\"http://build.fhir.org/datatypes.html#Address\">Address datatype</a>. If multiple locations are listed, the order will interpreted as the order of preference. The response will contain appointments with any of these actors (i.e. this does not drive joint appointment with multiple locations)</p>\n\t\t\t\t\t\t</div>\n\t\t\t\t\t</td>\n\t\t\t\t</tr>\n\t\t\t\t<tr>\n\t\t\t\t\t<td>IN</td>\n\t\t\t\t\t<td>location-reference</td>\n\t\t\t\t\t<td>0..*</td>\n\t\t\t\t\t<td>uri</td>\n\t\t\t\t\t<td/>\n\t\t\t\t\t<td>\n\t\t\t\t\t\t<div>\n\t\t\t\t\t\t\t<p>A Location reference when performing an operation where the Location resource <code>id</code> is known.  If multiple location references are listed, the order will interpreted as the order of preference. The response will contain appointments with any of these actors (i.e. this does not drive joint appointment with multiple locations)</p>\n\t\t\t\t\t\t</div>\n\t\t\t\t\t</td>\n\t\t\t\t</tr>\n\t\t\t\t<tr>\n\t\t\t\t\t<td>IN</td>\n\t\t\t\t\t<td>patient-reference</td>\n\t\t\t\t\t<td>0..*</td>\n\t\t\t\t\t<td>uri</td>\n\t\t\t\t\t<td/>\n\t\t\t\t\t<td>\n\t\t\t\t\t\t<div>\n\t\t\t\t\t\t\t<p>A Patient reference when performing an operation where the Patient resource <code>id</code> is known.   Patient resources include demographics and patient preferences that may be important for availaiblilty searches. If multiple patient references are listed, the response will contain appointments which is joint match for all patients - i.e., a group appointment.</p>\n\t\t\t\t\t\t</div>\n\t\t\t\t\t</td>\n\t\t\t\t</tr>\n\t\t\t\t<tr>\n\t\t\t\t\t<td>IN</td>\n\t\t\t\t\t<td>patient-resource</td>\n\t\t\t\t\t<td>0..*</td>\n\t\t\t\t\t<td>Resource</td>\n\t\t\t\t\t<td/>\n\t\t\t\t\t<td>\n\t\t\t\t\t\t<div>\n\t\t\t\t\t\t\t<p>This parameter is a complex <code>Resource</code> type instead of a simple reference because the patient record may not exist when performing availablity searches. (If the Patient resource id is known, use the <code>patient-reference</code> parameter instead.)  It based on the <a href=\"http://hl7.org/fhir/us/core/StructureDefinition/us-core-patient\">US Core Patient Profile</a> and includes demographics and patient preferences that may be important for availaiblilty searches. If the appointment is for a new patient, the patient record should not be created until just before booking an appointment.  If multiple patient resources are listed, the response will contain appointments which is joint match for all patients - i.e., a group appointment.</p>\n\t\t\t\t\t\t</div>\n\t\t\t\t\t</td>\n\t\t\t\t</tr>\n\t\t\t\t<tr>\n\t\t\t\t\t<td>IN</td>\n\t\t\t\t\t<td>coverage</td>\n\t\t\t\t\t<td>0..*</td>\n\t\t\t\t\t<td>Resource</td>\n\t\t\t\t\t<td/>\n\t\t\t\t\t<td>\n\t\t\t\t\t\t<div>\n\t\t\t\t\t\t\t<p>This parameter is a complex <code>Resource</code> type. It based on the <a href=\"http://fhir.org/guides/argonaut-scheduling/StructureDefinition/argo-coverage\">Argonaut Coverage Profile</a> and is used to provide insurance information for scheduling an appointment and or registering a patient. Do not transmit Coverage resource elements that require the Patient resource id if it is not known.  If multiple coverage resources are listed, the response will contain appointments which is joint match for all coverages and patients - i.e., a group appointment.</p>\n\t\t\t\t\t\t</div>\n\t\t\t\t\t</td>\n\t\t\t\t</tr>\n\t\t\t\t<tr>\n\t\t\t\t\t<td>OUT</td>\n\t\t\t\t\t<td>return</td>\n\t\t\t\t\t<td>0..1</td>\n\t\t\t\t\t<td>Bundle</td>\n\t\t\t\t\t<td/>\n\t\t\t\t\t<td>\n\t\t\t\t\t\t<div>\n\t\t\t\t\t\t\t<p>An <a href=\"StructureDefinition-avail-bundle.html\">Appointment Availability Bundle profile</a> of type <code>searchset</code> with entries of proposed <a href=\"http://build.fhir.org/appointment.html\">Appointment</a> resources and may also contain an <a href=\"http://build.fhir.org/operationoutcome.html\">OperationOutcome</a> with errors, warnings or information as a result of processing the operation - e.g., an informational notice that the returned appointments are not within the requested start and end times.  An empty bundle means no available appointments based on inputs</p>\n\t\t\t\t\t\t</div>\n\t\t\t\t\t</td>\n\t\t\t\t</tr>\n\t\t\t</table>\n\t\t\t<div>\n\t\t\t\t<ul>\n\t\t\t\t\t<li>The server is responsible for determining the first/best available appointment options to return.</li>\n\t\t\t\t\t<li>References can be to an absolute URL, but servers only perform operations on their own resources.</li>\n\t\t\t\t\t<li>To set the upper limit on the total number of available appointment options to return use the standard <a href=\"http://build.fhir.org/search.html#count\">\n\t\t\t\t\t\t\t<code>_count</code>\n\t\t\t\t\t\t</a> search parameter.  See the examples below for how this is implemented.</li>\n\t\t\t\t\t<li>If there is nominated patient, it is assumed that the server has identified and secured the context appropriately, and can either associate the authorization context with a single patient, or determine whether the context has the rights to the nominated patient, if there is one.  Specifying the relationship between the context, a user and patient records is outside the scope of this specification</li>\n\t\t\t\t</ul>\n\t\t\t</div>\n\t\t</div>"},"url":"http://fhir.org/guides/argonaut-scheduling/OperationDefinition/appointment-find","version":"0.0.0","name":"Appointment Availability Operation","status":"draft","kind":"operation","date":"2017-10-31T00:00:00-07:00","description":"Searches for availability for a future appointment(s) within a time period of defined by date range input parameters.  If neither a start or end date is given then the maximum period as defined by local business rules and starting from when the  operation was transacted will be used.   Other input parameter further refine the search and include  practitioner references, specialties, visit type, locations, and patient information. From these criteria, a system determines which schedulable resources ( e.g., people, rooms, equiibment) are needed for the visit, and provides time slots where all required resources are available.\n\n Note that for input parameters that are codes, the simple FHIR [token](http://build.fhir.org/search.html#token) search parameter type is used instead of the complex `Coding` datatype.  Also, the simple `uri` datatype is used instead of the complex `Reference` datatype for resources references.  This allows either the 'GET'  or the 'POST' syntax to be used to initiate the interaction in many cases.  Examples of both are shown in the below.","jurisdiction":[{"coding":[{"system":"urn:iso:std:iso:3166","code":"US"}]}],"code":"find","comment":"- The server is responsible for determining the first/best available appointment options to return.\r-   References can be to an absolute URL, but servers only perform operations on their own resources.\r- To set the upper limit on the total number of available appointment options to return use the standard [`_count`](http://build.fhir.org/search.html#count) search parameter.  See the examples below for how this is implemented.\r- If there is nominated patient, it is assumed that the server has identified and secured the context appropriately, and can either associate the authorization context with a single patient, or determine whether the context has the rights to the nominated patient, if there is one.  Specifying the relationship between the context, a user and patient records is outside the scope of this specification","resource":["Appointment"],"system":false,"type":true,"instance":false,"parameter":[{"name":"start","use":"in","min":1,"max":"1","documentation":"The period of time that should be checked for appointment availability.- e.g., look for all available appointments in a certain date range. If no start date is provided,  all available appointments prior to the end date are in scope (subject to limits imposed by local business rules).","type":"dateTime"},{"name":"end","use":"in","min":1,"max":"1","documentation":"The period of time that should be checked for appointment availability.- e.g., look for all available appointments in a certain date range. If no end date is provided, all available appointments after the start date are in scope (subject to limits imposed by local business rules).","type":"dateTime"},{"name":"specialty","use":"in","min":0,"max":"*","documentation":"The code for which specialty is requested for the appointment. ( e.g., 'Dermatology').   If multiple codes are listed, the order of the codes will interpreted as the order of preference.  The response will contain appointments with any of these actors (i.e. this does not drive joint appointment with multiple actors).  Each parameter value SHALL contain *both* the system property and the code property for a code using the general syntax `specialty=[system]|[code]`.   See the examples below for how this is implemented.","type":"string","searchType":"token","binding":{"strength":"extensible","valueSetReference":{"reference":"http://fhir.org/guides/argonaut-scheduling/ValueSet/specialty"}}},{"name":"visit-type","use":"in","min":0,"max":"*","documentation":"The code for one of the common appointment visit types for scheduling.  ( e.g.,'Echocardiography' or  'Well child visit' ). This list of visit types is extensible and implementers may choose to add there own codes.  If multiple codes are listed, the order of the codes will interpreted as the order of preference.  The response will contain appointments with any of these services (i.e. this does not drive joint appointment with multiple services).  Each parameter value SHALL contain *both* the system property and the code property for a code using the general syntax `service-type=[system]|[code]`.   See the examples below for how this is implemented.","type":"string","searchType":"token","binding":{"strength":"extensible","valueSetReference":{"reference":"http://fhir.org/guides/argonaut-scheduling/ValueSet/visit-type"}}},{"name":"practitioner","use":"in","min":0,"max":"*","documentation":"The Practitioner reference when performing a provider based query.  This is a reference to a FHIR Practitioner resource,  e.g. 'Practitioner/123'.   If multiple practitioner references are listed, the order will interpreted as the order of preference.  The response will contain appointments with any of these actors (i.e. this does not drive joint appointment with multiple actors).","type":"uri"},{"name":"organization","use":"in","min":0,"max":"*","documentation":"The Organization reference when performing a provider based query.  This is a reference to a FHIR Organization resource,  e.g. 'Organization/abc'.  If multiple organization references are listed, the order will interpreted as the order of preference.  The response will contain appointments with any of these actors (i.e. this does not drive joint appointment with multiple actors).","type":"uri"},{"name":"location-string","use":"in","min":0,"max":"*","documentation":"A (part of the) address of the location of interest.  (e.g., zip codes, city or state).  This string parameter is interpreted as a  [String search parameter](http://build.fhir.org/search.html#string) and covers the `string` type elements in the [Address datatype](http://build.fhir.org/datatypes.html#Address). If multiple locations are listed, the order will interpreted as the order of preference. The response will contain appointments with any of these actors (i.e. this does not drive joint appointment with multiple locations)","type":"string","searchType":"string"},{"name":"location-reference","use":"in","min":0,"max":"*","documentation":"A Location reference when performing an operation where the Location resource `id` is known.  If multiple location references are listed, the order will interpreted as the order of preference. The response will contain appointments with any of these actors (i.e. this does not drive joint appointment with multiple locations)","type":"uri"},{"name":"patient-reference","use":"in","min":0,"max":"*","documentation":"A Patient reference when performing an operation where the Patient resource `id` is known.   Patient resources include demographics and patient preferences that may be important for availaiblilty searches. If multiple patient references are listed, the response will contain appointments which is joint match for all patients - i.e., a group appointment.","type":"uri"},{"name":"patient-resource","use":"in","min":0,"max":"*","documentation":"This parameter is a complex `Resource` type instead of a simple reference because the patient record may not exist when performing availablity searches. (If the Patient resource id is known, use the `patient-reference` parameter instead.)  It based on the [US Core Patient Profile](http://hl7.org/fhir/us/core/StructureDefinition/us-core-patient) and includes demographics and patient preferences that may be important for availaiblilty searches. If the appointment is for a new patient, the patient record should not be created until just before booking an appointment.  If multiple patient resources are listed, the response will contain appointments which is joint match for all patients - i.e., a group appointment.","type":"Resource","targetProfile":["http://hl7.org/fhir/us/core/StructureDefinition/us-core-patient"]},{"name":"coverage","use":"in","min":0,"max":"*","documentation":"This parameter is a complex `Resource` type. It based on the [Argonaut Coverage Profile](http://fhir.org/guides/argonaut-scheduling/StructureDefinition/argo-coverage) and is used to provide insurance information for scheduling an appointment and or registering a patient.  Do not transmit Coverage resource elements that require the Patient resource id if it is not known. If multiple coverage resources are listed, the response will contain appointments which is joint match for all coverages and patients - i.e., a group appointment.","type":"Resource","targetProfile":["http://fhir.org/guides/argonaut-scheduling/StructureDefinition/argo-coverage"]},{"name":"return","use":"out","min":0,"max":"1","documentation":"An [Appointment Availability Bundle profile](StructureDefinition-avail-bundle.html) of type `searchset` with entries of proposed [Appointment](http://build.fhir.org/appointment.html) resources and may also contain an [OperationOutcome](http://build.fhir.org/operationoutcome.html) with errors, warnings or information as a result of processing the operation - e.g., an informational notice that the returned appointments are not within the requested start and end times.  An empty bundle means no available appointments based on inputs","type":"Bundle","targetProfile":["StructureDefinition/avail-bundle"]}]}