{"resourceType":"OperationDefinition","id":"slot-prefetch","text":{"status":"generated","div":"<div xmlns=\"http://www.w3.org/1999/xhtml\">\n\t\t\t<h2>Availability Prefetch Operation</h2>\n\t\t\t<p>OPERATION: Availability Prefetch Operation</p>\n\t\t\t<p>The official URL for this operation definition is: </p>\n\t\t\t<pre>http://fhir.org/guides/argonaut-scheduling/OperationDefinition/slot-prefetch</pre>\n\t\t\t<div>\n\t\t\t\t<p>This operation fetches available free slots for the 'initial load', update and reconciliation steps in the <a href=\"patient-scheduling.html#use-case-3-prefetching-open-slots\">Prefetch Use Case</a>.  The server determines which open slots to expose to the application for use in creating new appointments.  If neither a start or end date is given then the maximum period as defined by local business rules and starting from when the operation was transacted will be used.   The actors practitioner, organization and location further refine the search.   If more than one actor type is present, the response will contain slots with <em>all</em> of these actors (i.e, this is a logical 'AND').  if an actor type is repeated, the response will contain slots with <em>any</em> of these actors (i.e. this is a logical  'OR' and  does not drive a joint appointment with multiple practitioners. locations or organizations).</p>\n\t\t\t\t<p>Note that all input parameters are simple types allowing either the 'GET'  or the 'POST' syntax to be used to initiate the interaction.  Examples of both are shown below.</p>\n\t\t\t</div>\n\t\t\t<p>URL: [base]/Slot//$find</p>\n\t\t\t<p>Parameters</p>\n\t\t\t<table class=\"grid\">\n\t\t\t\t<tr>\n\t\t\t\t\t<td>\n\t\t\t\t\t\t<b>Use</b>\n\t\t\t\t\t</td>\n\t\t\t\t\t<td>\n\t\t\t\t\t\t<b>Name</b>\n\t\t\t\t\t</td>\n\t\t\t\t\t<td>\n\t\t\t\t\t\t<b>Cardinality</b>\n\t\t\t\t\t</td>\n\t\t\t\t\t<td>\n\t\t\t\t\t\t<b>Type</b>\n\t\t\t\t\t</td>\n\t\t\t\t\t<td>\n\t\t\t\t\t\t<b>Binding</b>\n\t\t\t\t\t</td>\n\t\t\t\t\t<td>\n\t\t\t\t\t\t<b>Documentation</b>\n\t\t\t\t\t</td>\n\t\t\t\t</tr>\n\t\t\t\t<tr>\n\t\t\t\t\t<td>IN</td>\n\t\t\t\t\t<td>start</td>\n\t\t\t\t\t<td>1..1</td>\n\t\t\t\t\t<td>dateTime</td>\n\t\t\t\t\t<td/>\n\t\t\t\t\t<td>\n\t\t\t\t\t\t<div>\n\t\t\t\t\t\t\t<p>The period of time that should be checked for free slots. If no start date is provided,  all available slots prior to the end date are in scope (subject to limits imposed by local business rules).</p>\n\t\t\t\t\t\t</div>\n\t\t\t\t\t</td>\n\t\t\t\t</tr>\n\t\t\t\t<tr>\n\t\t\t\t\t<td>IN</td>\n\t\t\t\t\t<td>end</td>\n\t\t\t\t\t<td>1..1</td>\n\t\t\t\t\t<td>dateTime</td>\n\t\t\t\t\t<td/>\n\t\t\t\t\t<td>\n\t\t\t\t\t\t<div>\n\t\t\t\t\t\t\t<p>The period of time that should be checked for appointment availability. If no end date is provided, all available slots after the start date are in scope (subject to limits imposed by local business rules).</p>\n\t\t\t\t\t\t</div>\n\t\t\t\t\t</td>\n\t\t\t\t</tr>\n\t\t\t\t<tr>\n\t\t\t\t\t<td>IN</td>\n\t\t\t\t\t<td>practitioner</td>\n\t\t\t\t\t<td>0..*</td>\n\t\t\t\t\t<td>uri</td>\n\t\t\t\t\t<td/>\n\t\t\t\t\t<td>\n\t\t\t\t\t\t<div>\n\t\t\t\t\t\t\t<p>The Practitioner reference when performing a provider based query.  This is a reference to a FHIR Practitioner resource,  e.g. 'Practitioner/123'.</p>\n\t\t\t\t\t\t</div>\n\t\t\t\t\t</td>\n\t\t\t\t</tr>\n\t\t\t\t<tr>\n\t\t\t\t\t<td>IN</td>\n\t\t\t\t\t<td>organization</td>\n\t\t\t\t\t<td>0..*</td>\n\t\t\t\t\t<td>uri</td>\n\t\t\t\t\t<td/>\n\t\t\t\t\t<td>\n\t\t\t\t\t\t<div>\n\t\t\t\t\t\t\t<p>The Organization reference when performing a provider based query.  This is a reference to a FHIR Organization resource,  e.g. 'Organization/abc'.</p>\n\t\t\t\t\t\t</div>\n\t\t\t\t\t</td>\n\t\t\t\t</tr>\n\t\t\t\t<tr>\n\t\t\t\t\t<td>IN</td>\n\t\t\t\t\t<td>location-string</td>\n\t\t\t\t\t<td>0..*</td>\n\t\t\t\t\t<td>string</td>\n\t\t\t\t\t<td/>\n\t\t\t\t\t<td>\n\t\t\t\t\t\t<div>\n\t\t\t\t\t\t\t<p>A (part of the) address of the location of interest.  (e.g., zip codes, city or state).  This string parameter is interpreted as a  <a href=\"http://build.fhir.org/search.html#string\">String search parameter</a> and covers the <code>string</code> type elements in the <a href=\"http://build.fhir.org/datatypes.html#Address\">Address datatype</a>.</p>\n\t\t\t\t\t\t</div>\n\t\t\t\t\t</td>\n\t\t\t\t</tr>\n\t\t\t\t<tr>\n\t\t\t\t\t<td>IN</td>\n\t\t\t\t\t<td>location-reference</td>\n\t\t\t\t\t<td>0..*</td>\n\t\t\t\t\t<td>uri</td>\n\t\t\t\t\t<td/>\n\t\t\t\t\t<td>\n\t\t\t\t\t\t<div>\n\t\t\t\t\t\t\t<p>A Location reference when performing an operation where the Location resource <code>id</code> is known.  If multiple location references are listed, the order will interpreted as the order of preference. The response will contain slots with any of these actors (i.e. this does not drive joint appointment with multiple locations)</p>\n\t\t\t\t\t\t</div>\n\t\t\t\t\t</td>\n\t\t\t\t</tr>\n\t\t\t\t<tr>\n\t\t\t\t\t<td>OUT</td>\n\t\t\t\t\t<td>return</td>\n\t\t\t\t\t<td>0..1</td>\n\t\t\t\t\t<td>Bundle(<a href=\"StructureDefinition-slot-bundle.html\">Argonaut Slot Bundle Profile</a>)</td>\n\t\t\t\t\t<td/>\n\t\t\t\t\t<td>\n\t\t\t\t\t\t<div>\n\t\t\t\t\t\t\t<p>An <a href=\"StructureDefinition-slot-bundle.html\">Argonaut Slot Bundle Profile</a> of type <code>searchset</code> with entries of proposed <a href=\"http://build.fhir.org/slot.html\">Slot</a> resources and may also contain an <a href=\"http://build.fhir.org/operationoutcome.html\">OperationOutcome</a> with errors, warnings or information as a result of processing the operation - e.g., an informational notice that the returned slots are not within the requested start and end times.  An empty bundle means no available slots based on inputs</p>\n\t\t\t\t\t\t</div>\n\t\t\t\t\t</td>\n\t\t\t\t</tr>\n\t\t\t</table>\n\t\t\t<div>\n\t\t\t\t<p>References can be to an absolute URL, but servers only perform operations on their own resources.</p>\n\t\t\t</div>\n\t\t</div>"},"url":"http://fhir.org/guides/argonaut-scheduling/OperationDefinition/slot-prefetch","version":"0.0.0","name":"Availability Prefetch Operation","status":"draft","kind":"operation","date":"2018-02-12T00:00:00-08:00","description":"This operation fetches available free slots for the 'initial load', update and reconciliation steps in the [Prefetch Use Case](patient-scheduling.html#use-case-3-prefetching-open-slots).  The server determines which open slots to expose to the application for use in creating new appointments.  If neither a start or end date is given then the maximum period as defined by local business rules and starting from when the operation was transacted will be used.   The actors practitioner, organization and location further refine the search.   If more than one actor type is present, the response will contain slots with *all* of these actors (i.e, this is a logical 'AND').  if an actor type is repeated, the response will contain slots with *any* of these actors (i.e. this is a logical  'OR' and  does not drive a joint appointment with multiple practitioners. locations or organizations).  \n\n Note that all input parameters are simple types allowing either the 'GET'  or the 'POST' syntax to be used to initiate the interaction.  Examples of both are shown below.","jurisdiction":[{"coding":[{"system":"urn:iso:std:iso:3166","code":"US","display":"United States of America"}]}],"code":"find","comment":"References can be to an absolute URL, but servers only perform operations on their own resources.","resource":["Slot/"],"system":false,"type":true,"instance":false,"parameter":[{"name":"start","use":"in","min":1,"max":"1","documentation":"The period of time that should be checked for free slots. If no start date is provided,  all available slots prior to the end date are in scope (subject to limits imposed by local business rules).","type":"dateTime"},{"name":"end","use":"in","min":1,"max":"1","documentation":"The period of time that should be checked for appointment availability. If no end date is provided, all available slots after the start date are in scope (subject to limits imposed by local business rules).","type":"dateTime"},{"name":"practitioner","use":"in","min":0,"max":"*","documentation":"The Practitioner reference when performing a provider based query.  This is a reference to a FHIR Practitioner resource,  e.g. 'Practitioner/123'.","type":"uri"},{"name":"organization","use":"in","min":0,"max":"*","documentation":"The Organization reference when performing a provider based query.  This is a reference to a FHIR Organization resource,  e.g. 'Organization/abc'.","type":"uri"},{"name":"location-string","use":"in","min":0,"max":"*","documentation":"A (part of the) address of the location of interest.  (e.g., zip codes, city or state).  This string parameter is interpreted as a  [String search parameter](http://build.fhir.org/search.html#string) and covers the `string` type elements in the [Address datatype](http://build.fhir.org/datatypes.html#Address).","type":"string","searchType":"string"},{"name":"location-reference","use":"in","min":0,"max":"*","documentation":"A Location reference when performing an operation where the Location resource `id` is known.  If multiple location references are listed, the order will interpreted as the order of preference. The response will contain slots with any of these actors (i.e. this does not drive joint appointment with multiple locations)","type":"uri"},{"name":"return","use":"out","min":0,"max":"1","documentation":"An [Argonaut Slot Bundle Profile](StructureDefinition-prefetch-slot.html) of type `searchset` with entries of proposed [Slot](http://build.fhir.org/slot.html) resources and may also contain an [OperationOutcome](http://build.fhir.org/operationoutcome.html) with errors, warnings or information as a result of processing the operation - e.g., an informational notice that the returned slots are not within the requested start and end times.  An empty bundle means no available slots based on inputs","type":"Bundle","targetProfile":["http://hl7.org/fhir/ValueSet/condition-code"]}]}