{"resourceType":"ValueSet","id":"status-reason","text":{"status":"generated","div":"<div xmlns=\"http://www.w3.org/1999/xhtml\"><h2>Argonaut Appointment Event Reason Codes</h2><div><p>The reason for the current state of the Appointment.</p>\n</div><p>This value set includes codes from the following code systems:</p><ul><li>Include all codes defined in <a href=\"CodeSystem-status-reason.html\"><code>http://fhir.org/guides/argonaut-scheduling/CodeSystem/status-reason</code></a></li></ul></div>"},"url":"http://fhir.org/guides/argonaut-scheduling/ValueSet/status-reason","version":"0.0.0","name":"Argonaut Appointment Event Reason Codes","status":"draft","date":"2017-10-10T00:40:10-07:00","description":"The reason for the current state of the Appointment.","jurisdiction":[{"coding":[{"system":"urn:iso:std:iso:3166","code":"US"}]}],"compose":{"include":[{"system":"http://fhir.org/guides/argonaut-scheduling/CodeSystem/status-reason"}]}}