{"resourceType":"ValueSet","id":"visit-type","text":{"status":"generated","div":"<div xmlns=\"http://www.w3.org/1999/xhtml\"><h2>Argonaut Visit Types</h2><div><p>The Argonaut Visit Types are a prioritized valueset of the most common 'business types' for scheduling and have been identified as the baseline use cases for the  Argonaut scheduling Implementation Guide.  This is intended to facilitates implementation of the IG by provide a common starting point for interoperability.  The Visit types can be extended by implementers to meet there use cases.  In order to align with the FHIR Appointment, Schedule and Slot resources, these concepts are mapped to the <a href=\"ConceptMap-visit-appt-map.html\">Argonaut Appointment Types</a> and <a href=\"ConceptMap-visit-service-map.html\">Argonaut Scheduling Services</a> valuesets.</p>\n</div><p>This value set includes codes from the following code systems:</p><ul><li>Include all codes defined in <a href=\"CodeSystem-visit-type.html\"><code>http://fhir.org/guides/argonaut-scheduling/CodeSystem/visit-type</code></a></li></ul></div>"},"url":"http://fhir.org/guides/argonaut-scheduling/ValueSet/visit-type","version":"0.0.0","name":"Argonaut Visit Types","status":"draft","date":"2017-07-30T12:40:10-07:00","description":"The Argonaut Visit Types are a prioritized valueset of the most common 'business types' for scheduling and have been identified as the baseline use cases for the  Argonaut scheduling Implementation Guide.  This is intended to facilitates implementation of the IG by provide a common starting point for interoperability.  The Visit types can be extended by implementers to meet there use cases.  In order to align with the FHIR Appointment, Schedule and Slot resources, these concepts are mapped to the [Argonaut Appointment Types](ConceptMap-visit-appt-map.html) and [Argonaut Scheduling Services](ConceptMap-visit-service-map.html) valuesets.","jurisdiction":[{"coding":[{"system":"urn:iso:std:iso:3166","code":"US"}]}],"compose":{"include":[{"system":"http://fhir.org/guides/argonaut-scheduling/CodeSystem/visit-type"}]}}