{"resourceType":"ValueSet","id":"service","text":{"status":"generated","div":"<div xmlns=\"http://www.w3.org/1999/xhtml\"><h2>Argonaut Scheduling Services</h2><div><p>The service types offered by providers and  that is to be performed during this appointment.  These concepts are used in the FHIR Appointment, Schedule and Slot resources. The <a href=\"ConceptMap-visit-service-map.html\">Argonaut Scheduling Visit Types</a> are mapped to these concepts</p>\n</div><p><b>Copyright Statement:</b> This value set includes content from SNOMED CT, which is copyright © 2002+ International Health Terminology Standards Development Organisation (IHTSDO), and distributed by agreement between IHTSDO and HL7. Implementer use of SNOMED CT is not covered by this agreement</p><p>This value set includes codes from the following code systems:</p><ul><li>Include these codes as defined in <a href=\"http://www.snomed.org/\"><code>http://snomed.info/sct</code></a><table class=\"none\"><tr><td><b>Code</b></td><td><b>Display</b></td></tr><tr><td><a href=\"http://browser.ihtsdotools.org/?perspective=full&amp;conceptId1=11429006\">11429006</a></td><td>Consultation (procedure)</td><td/></tr><tr><td><a href=\"http://browser.ihtsdotools.org/?perspective=full&amp;conceptId1=185387006\">185387006</a></td><td>New patient consultation (procedure)</td><td/></tr><tr><td><a href=\"http://browser.ihtsdotools.org/?perspective=full&amp;conceptId1=310058008\">310058008</a></td><td>Nuclear medicine service (procedure)</td><td/></tr><tr><td><a href=\"http://browser.ihtsdotools.org/?perspective=full&amp;conceptId1=439740005\">439740005</a></td><td>Postoperative follow-up visit (procedure)</td><td/></tr><tr><td><a href=\"http://browser.ihtsdotools.org/?perspective=full&amp;conceptId1=406153003\">406153003</a></td><td>Pre-admission assessment (procedure)</td><td/></tr><tr><td><a href=\"http://browser.ihtsdotools.org/?perspective=full&amp;conceptId1=77132007\">77132007</a></td><td>Therapeutic procedure (procedure)</td><td/></tr><tr><td><a href=\"http://browser.ihtsdotools.org/?perspective=full&amp;conceptId1=406153003\">406153003</a></td><td>Pre-admission assessment (procedure)</td><td/></tr><tr><td><a href=\"http://browser.ihtsdotools.org/?perspective=full&amp;conceptId1=241686001\">241686001</a></td><td>Dual energy X-ray photon absorptiometry (procedure)</td><td/></tr><tr><td><a href=\"http://browser.ihtsdotools.org/?perspective=full&amp;conceptId1=40701008\">40701008</a></td><td>Echocardiography (procedure)</td><td/></tr><tr><td><a href=\"http://browser.ihtsdotools.org/?perspective=full&amp;conceptId1=433233004\">433233004</a></td><td>Exercise stress echocardiography (procedure)</td><td/></tr><tr><td><a href=\"http://browser.ihtsdotools.org/?perspective=full&amp;conceptId1=409073007\">409073007</a></td><td>Education (procedure)</td><td/></tr><tr><td><a href=\"http://browser.ihtsdotools.org/?perspective=full&amp;conceptId1=54550000\">54550000</a></td><td>Electroencephalogram (procedure)</td><td/></tr><tr><td><a href=\"http://browser.ihtsdotools.org/?perspective=full&amp;conceptId1=29303009\">29303009</a></td><td>Electrocardiographic procedure (procedure)</td><td/></tr><tr><td><a href=\"http://browser.ihtsdotools.org/?perspective=full&amp;conceptId1=386053000\">386053000</a></td><td>Evaluation procedure (procedure)</td><td/></tr><tr><td><a href=\"http://browser.ihtsdotools.org/?perspective=full&amp;conceptId1=86198006\">86198006</a></td><td>Influenza vaccination (procedure)</td><td/></tr><tr><td><a href=\"http://browser.ihtsdotools.org/?perspective=full&amp;conceptId1=44491008\">44491008</a></td><td>Fluoroscopy (procedure)</td><td/></tr><tr><td><a href=\"http://browser.ihtsdotools.org/?perspective=full&amp;conceptId1=281036007\">281036007</a></td><td>Follow-up consultation (procedure)</td><td/></tr><tr><td><a href=\"http://browser.ihtsdotools.org/?perspective=full&amp;conceptId1=439708006\">439708006</a></td><td>Home visit (procedure)</td><td/></tr><tr><td><a href=\"http://browser.ihtsdotools.org/?perspective=full&amp;conceptId1=59108006\">59108006</a></td><td>Injection (procedure)</td><td/></tr><tr><td><a href=\"http://browser.ihtsdotools.org/?perspective=full&amp;conceptId1=5880005\">5880005</a></td><td>Physical examination procedure (procedure)</td><td/></tr><tr><td><a href=\"http://browser.ihtsdotools.org/?perspective=full&amp;conceptId1=71388002\">71388002</a></td><td>Procedure (procedure)</td><td/></tr><tr><td><a href=\"http://browser.ihtsdotools.org/?perspective=full&amp;conceptId1=76746007\">76746007</a></td><td>Cardiovascular stress testing (procedure)</td><td/></tr><tr><td><a href=\"http://browser.ihtsdotools.org/?perspective=full&amp;conceptId1=7922000\">7922000</a></td><td>General treatment (procedure)</td><td/></tr><tr><td><a href=\"http://browser.ihtsdotools.org/?perspective=full&amp;conceptId1=410620009\">410620009</a></td><td>Well child visit (procedure)</td><td/></tr><tr><td><a href=\"http://browser.ihtsdotools.org/?perspective=full&amp;conceptId1=127785005\">127785005</a></td><td>Administration of substance to produce immunity, either active or passive (procedure)</td><td/></tr></table></li><li>Include codes from <a href=\"http://www.snomed.org/\"><code>http://snomed.info/sct</code></a> where concept  is-a  224930009 (Services)</li></ul></div>"},"url":"http://fhir.org/guides/argonaut-scheduling/ValueSet/service","version":"0.0.0","name":"Argonaut Scheduling Services","status":"draft","date":"2017-07-12T12:40:10-07:00","description":"The service types offered by providers and  that is to be performed during this appointment.  These concepts are used in the FHIR Appointment, Schedule and Slot resources. The [Argonaut Scheduling Visit Types](ConceptMap-visit-service-map.html) are mapped to these concepts ","jurisdiction":[{"coding":[{"system":"urn:iso:std:iso:3166","code":"US","display":"United States Minor Outlying Islands (the)"}]}],"copyright":"This value set includes content from SNOMED CT, which is copyright © 2002+ International Health Terminology Standards Development Organisation (IHTSDO), and distributed by agreement between IHTSDO and HL7. Implementer use of SNOMED CT is not covered by this agreement","compose":{"include":[{"system":"http://snomed.info/sct","concept":[{"code":"11429006","display":"Consultation (procedure)"},{"code":"185387006","display":"New patient consultation (procedure)"},{"code":"310058008","display":"Nuclear medicine service (procedure)"},{"code":"439740005","display":"Postoperative follow-up visit (procedure)"},{"code":"406153003","display":"Pre-admission assessment (procedure)"},{"code":"77132007","display":"Therapeutic procedure (procedure)"},{"code":"406153003","display":"Pre-admission assessment (procedure)"},{"code":"241686001","display":"Dual energy X-ray photon absorptiometry (procedure)"},{"code":"40701008","display":"Echocardiography (procedure)"},{"code":"433233004","display":"Exercise stress echocardiography (procedure)"},{"code":"409073007","display":"Education (procedure)"},{"code":"54550000","display":"Electroencephalogram (procedure)"},{"code":"29303009","display":"Electrocardiographic procedure (procedure)"},{"code":"386053000","display":"Evaluation procedure (procedure)"},{"code":"86198006","display":"Influenza vaccination (procedure)"},{"code":"44491008","display":"Fluoroscopy (procedure)"},{"code":"281036007","display":"Follow-up consultation (procedure)"},{"code":"439708006","display":"Home visit (procedure)"},{"code":"59108006","display":"Injection (procedure)"},{"code":"5880005","display":"Physical examination procedure (procedure)"},{"code":"71388002","display":"Procedure (procedure)"},{"code":"76746007","display":"Cardiovascular stress testing (procedure)"},{"code":"7922000","display":"General treatment (procedure)"},{"code":"410620009","display":"Well child visit (procedure)"},{"code":"127785005","display":"Administration of substance to produce immunity, either active or passive (procedure)"}]},{"system":"http://snomed.info/sct","filter":[{"property":"concept","op":"is-a","value":"224930009"}]}]}}