{"resourceType":"ValueSet","id":"visit-type","text":{"status":"generated","div":"<div xmlns=\"http://www.w3.org/1999/xhtml\"><h2>Argonaut Visit Types</h2><div><p>The Argonaut Visit Types are a prioritized valueset of the most common 'business types' for scheduling and have been identified as the baseline use cases for the  Argonaut scheduling Implementation Guide.  This is intended to facilitates implementation of the IG by provide a common starting point for interoperability.  These concept are used in the Argonaut Appointment, Schedule and Slot resources.  The Visit types can be extended by implementers to meet there use cases.  In order to address overlap between <code>serviceType</code> and <code>appointmentType</code>, these concepts are mapped to the <a href=\"ConceptMap-visit-appt-map.html\">Argonaut Appointment Types</a>.  A mapping to <a href=\"ConceptMap-visit-snomed-map.html\">SNOMED CT </a> is also provided.</p>\n</div><p>This value set includes codes from the following code systems:</p><ul><li>Include all codes defined in <a href=\"CodeSystem-visit-type.html\"><code>http://fhir.org/guides/argonaut-scheduling/CodeSystem/visit-type</code></a></li></ul></div>"},"url":"http://fhir.org/guides/argonaut-scheduling/ValueSet/visit-type","version":"0.0.0","name":"Argonaut Visit Types","status":"draft","date":"2017-07-30T12:40:10-07:00","description":"The Argonaut Visit Types are a prioritized valueset of the most common 'business types' for scheduling and have been identified as the baseline use cases for the  Argonaut scheduling Implementation Guide.  This is intended to facilitates implementation of the IG by provide a common starting point for interoperability.  These concept are used in the Argonaut Appointment, Schedule and Slot resources.  The Visit types can be extended by implementers to meet there use cases.  In order to address overlap between `serviceType` and `appointmentType`, these concepts are mapped to the [Argonaut Appointment Types](ConceptMap-visit-appt-map.html).  A mapping to [SNOMED CT ](ConceptMap-visit-snomed-map.html) is also provided.","jurisdiction":[{"coding":[{"system":"urn:iso:std:iso:3166","code":"US"}]}],"compose":{"include":[{"system":"http://fhir.org/guides/argonaut-scheduling/CodeSystem/visit-type"}]}}