{"resourceType":"ValueSet","id":"us-core-medication-codes","meta":{"lastUpdated":"2016-05-24T23:59:08.250-07:00","profile":["http://hl7.org/fhir/StructureDefinition/valueset-shareable-definition"]},"text":{"status":"generated","div":"<div xmlns=\"http://www.w3.org/1999/xhtml\">\n      <h2>Medication Clinical Drug (RxNorm)</h2>\n      <p>All prescribable medication formulations represented using  either a 'generic' or 'brand-specific' concept. This includes RxNorm codes whose Term Type is SCD (semantic clinical drug), SBD (semantic brand drug), GPCK (generic pack), BPCK (brand pack), SCDG (semantic clinical drug group), SBDG (semantic brand drug group), SCDF (semantic clinical drug form), or SBDF (semantic brand drug form)</p>\n      <p>This value set includes codes from the following code systems:</p>\n      <ul>\n        <li>Include codes from http://www.nlm.nih.gov/research/umls/rxnorm where TTY  in  SCD,SBD,GPCK,BPCK,SCDG,SBDG,SCDF,SBDF</li>\n      </ul>\n    </div>"},"url":"http://hl7.org/fhir/us/core/ValueSet/us-core-medication-codes","identifier":[{"system":"urn:ietf:rfc:3986","value":"urn:oid:2.16.840.1.113762.1.4.1010.4"}],"version":"1.1.0","name":"Medication Clinical Drug (RxNorm)","status":"draft","date":"2016-05-24T23:59:08-07:00","publisher":"HL7 US Realm Steering Committee","contact":[{"telecom":[{"system":"other","value":"http://hl7.org/fhir"}]}],"description":"All prescribable medication formulations represented using  either a 'generic' or 'brand-specific' concept. This includes RxNorm codes whose Term Type is SCD (semantic clinical drug), SBD (semantic brand drug), GPCK (generic pack), BPCK (brand pack), SCDG (semantic clinical drug group), SBDG (semantic brand drug group), SCDF (semantic clinical drug form), or SBDF (semantic brand drug form)","jurisdiction":[{"coding":[{"system":"urn:iso:std:iso:3166","code":"US","display":"United States of America"}]}],"compose":{"include":[{"system":"http://www.nlm.nih.gov/research/umls/rxnorm","filter":[{"property":"TTY","op":"in","value":"SCD,SBD,GPCK,BPCK,SCDG,SBDG,SCDF,SBDF"}]}]}}