{"resourceType":"ValueSet","id":"us-core-provider-role","text":{"status":"generated","div":"<div xmlns=\"http://www.w3.org/1999/xhtml\">\n\t\t\t<h2>US Core Provider Role (NUCC)</h2>\n\t\t\t<div>\n\t\t\t\t<p>Provider roles codes which are composed of the NUCC Health Care Provider Taxonomy\n\t\t\t\t\tCode Set for providers. Only concepts with a classification and no specialization are included.</p>\n\t\t\t</div>\n\t\t\t<p>\n\t\t\t\t<b>Copyright Statement:</b> TODO: Permission to Use and Distribute the Health Care\n\t\t\t\tProvider Taxonomy Code Set</p>\n\t\t\t<p>This value set includes codes from the following code systems:</p>\n\t\t\t<ul>\n\t\t\t\t<li>Include only concepts with a classification and no specialization from: http://nucc.org/provider-taxonomy</li>\n\t\t\t</ul>\n\t\t</div>"},"url":"http://hl7.org/fhir/us/core/ValueSet/us-core-provider-role","version":"1.1.0","name":"US Core Provider Role (NUCC)","status":"draft","date":"2016-08-10T00:00:00-07:00","publisher":"HL7 US Realm Steering Committee","contact":[{"telecom":[{"system":"other","value":"http://hl7.org/fhir"}]}],"description":"Provider roles codes which are composed of the NUCC Health Care Provider Taxonomy Code Set classification codes for providers. Only concepts with a classification and no specialization are included. ","jurisdiction":[{"coding":[{"system":"urn:iso:std:iso:3166","code":"US","display":"United States of America"}]}],"copyright":"This value set includes content from NUCC Health Care Provider Taxonomy Code Set for providers which is copyright © 2016+ American Medical Association.  For commercial use, including sales or licensing, a license must be obtained.","compose":{"include":[{"system":"http://nucc.org/provider-taxonomy"}]}}