{"resourceType":"ValueSet","id":"us-core-procedure-code","meta":{"lastUpdated":"2016-05-24T23:59:08.250-07:00","profile":["http://hl7.org/fhir/StructureDefinition/valueset-shareable-definition"]},"text":{"status":"generated","div":"<div xmlns=\"http://www.w3.org/1999/xhtml\"><h2>US Core Procedure Codes</h2><div><p>This example value set defines a set of codes that can be used to indicate the type of procedure: a specific code indicating type of procedure performed, from CPT or SNOMED CT.</p>\n</div><p><b>Copyright Statement:</b> CPT copyright 2014 American Medical Association. All rights reserved. This value set includes content from SNOMED CT, which is copyright © 2002+ International Health Terminology Standards Development Organisation (IHTSDO), and distributed by agreement between IHTSDO and HL7. Implementer use of SNOMED CT is not covered by this agreement</p><p>This value set includes codes from the following code systems:</p><ul><li>Include all codes defined in <code>http://www.ama-assn.org/go/cpt</code></li><li>Include codes from <a href=\"http://www.snomed.org/\"><code>http://snomed.info/sct</code></a> where concept  is-a  71388002 (Procedure)</li></ul></div>"},"url":"http://hl7.org/fhir/us/core/ValueSet/us-core-procedure-code","identifier":[{"system":"urn:ietf:rfc:3986","value":"urn:oid:2.16.840.1.113883.4.642.2.607"}],"version":"1.1.0","name":"US Core Procedure Codes","status":"draft","date":"2016-05-24T23:59:08-07:00","publisher":"HL7 US Realm Steering Committee","contact":[{"telecom":[{"system":"other","value":"http://hl7.org/fhir"}]}],"description":"This example value set defines a set of codes that can be used to indicate the type of procedure: a specific code indicating type of procedure performed, from CPT or SNOMED CT.","jurisdiction":[{"coding":[{"system":"urn:iso:std:iso:3166","code":"US","display":"United States of America"}]}],"copyright":"CPT copyright 2014 American Medical Association. All rights reserved. This value set includes content from SNOMED CT, which is copyright © 2002+ International Health Terminology Standards Development Organisation (IHTSDO), and distributed by agreement between IHTSDO and HL7. Implementer use of SNOMED CT is not covered by this agreement","compose":{"include":[{"system":"http://www.ama-assn.org/go/cpt"},{"system":"http://snomed.info/sct","filter":[{"property":"concept","op":"is-a","value":"71388002"}]}]}}