{
  "resourceType": "ImplementationGuide",
  "id": "ig",
  "url": "http://hl7.org/fhir/us/core/ImplementationGuide/ig",
  "name": "Implementation Guide Template",
  "status": "draft",
  "experimental": true,
  "publisher": "FHIR Project",
  "package": [
    {
      "name": "base",
      "resource": [
        {
          "extension": [
            {
              "url": "http://hl7.org/fhir/StructureDefinition/implementationguide-page",
              "valueUri": "ValueSet-us-core-ucum.html"
            }
          ],
          "example": false,
          "sourceReference": {
            "reference": "ValueSet/us-core-ucum"
          }
        },
        {
          "extension": [
            {
              "url": "http://hl7.org/fhir/StructureDefinition/implementationguide-page",
              "valueUri": "ValueSet-us-core-provider-specialty.html"
            }
          ],
          "example": false,
          "sourceReference": {
            "reference": "ValueSet/us-core-provider-specialty"
          }
        },
        {
          "extension": [
            {
              "url": "http://hl7.org/fhir/StructureDefinition/implementationguide-page",
              "valueUri": "ValueSet-us-core-provider-role.html"
            }
          ],
          "example": false,
          "sourceReference": {
            "reference": "ValueSet/us-core-provider-role"
          }
        },
        {
          "extension": [
            {
              "url": "http://hl7.org/fhir/StructureDefinition/implementationguide-page",
              "valueUri": "ValueSet-us-core-procedure-type.html"
            }
          ],
          "example": false,
          "sourceReference": {
            "reference": "ValueSet/us-core-procedure-type"
          }
        },
        {
          "extension": [
            {
              "url": "http://hl7.org/fhir/StructureDefinition/implementationguide-page",
              "valueUri": "ValueSet-us-core-procedure-icd10pcs.html"
            }
          ],
          "example": false,
          "sourceReference": {
            "reference": "ValueSet/us-core-procedure-icd10pcs"
          }
        },
        {
          "extension": [
            {
              "url": "http://hl7.org/fhir/StructureDefinition/implementationguide-page",
              "valueUri": "ValueSet-us-core-problem.html"
            }
          ],
          "example": false,
          "sourceReference": {
            "reference": "ValueSet/us-core-problem"
          }
        },
        {
          "extension": [
            {
              "url": "http://hl7.org/fhir/StructureDefinition/implementationguide-page",
              "valueUri": "ValueSet-us-core-observation-value-codes.html"
            }
          ],
          "example": false,
          "sourceReference": {
            "reference": "ValueSet/us-core-observation-value-codes"
          }
        },
        {
          "extension": [
            {
              "url": "http://hl7.org/fhir/StructureDefinition/implementationguide-page",
              "valueUri": "ValueSet-us-core-observation-ccdavitalsignresult.html"
            }
          ],
          "example": false,
          "sourceReference": {
            "reference": "ValueSet/us-core-observation-ccdavitalsignresult"
          }
        },
        {
          "extension": [
            {
              "url": "http://hl7.org/fhir/StructureDefinition/implementationguide-page",
              "valueUri": "ValueSet-us-core-observation-ccdasmokingstatus.html"
            }
          ],
          "example": false,
          "sourceReference": {
            "reference": "ValueSet/us-core-observation-ccdasmokingstatus"
          }
        },
        {
          "extension": [
            {
              "url": "http://hl7.org/fhir/StructureDefinition/implementationguide-page",
              "valueUri": "ValueSet-us-core-ndc-vaccine-codes.html"
            }
          ],
          "example": false,
          "sourceReference": {
            "reference": "ValueSet/us-core-ndc-vaccine-codes"
          }
        },
        {
          "extension": [
            {
              "url": "http://hl7.org/fhir/StructureDefinition/implementationguide-page",
              "valueUri": "ValueSet-us-core-medication-codes.html"
            }
          ],
          "example": false,
          "sourceReference": {
            "reference": "ValueSet/us-core-medication-codes"
          }
        },
        {
          "extension": [
            {
              "url": "http://hl7.org/fhir/StructureDefinition/implementationguide-page",
              "valueUri": "ValueSet-us-core-cvx.html"
            }
          ],
          "example": false,
          "sourceReference": {
            "reference": "ValueSet/us-core-cvx"
          }
        },
        {
          "extension": [
            {
              "url": "http://hl7.org/fhir/StructureDefinition/implementationguide-page",
              "valueUri": "valueset-us-core-substance.html"
            }
          ],
          "example": false,
          "sourceReference": {
            "reference": "ValueSet/us-core-substance"
          }
        },
        {
          "extension": [
            {
              "url": "http://hl7.org/fhir/StructureDefinition/implementationguide-page",
              "valueUri": "valueset-us-core-substance-sct.html"
            }
          ],
          "example": false,
          "sourceReference": {
            "reference": "ValueSet/us-core-substance-sct"
          }
        },
        {
          "extension": [
            {
              "url": "http://hl7.org/fhir/StructureDefinition/implementationguide-page",
              "valueUri": "valueset-us-core-substance-rxnorm.html"
            }
          ],
          "example": false,
          "sourceReference": {
            "reference": "ValueSet/us-core-substance-rxnorm"
          }
        },
        {
          "extension": [
            {
              "url": "http://hl7.org/fhir/StructureDefinition/implementationguide-page",
              "valueUri": "valueset-us-core-substance-ndfrt.html"
            }
          ],
          "example": false,
          "sourceReference": {
            "reference": "ValueSet/us-core-substance-ndfrt"
          }
        },
        {
          "extension": [
            {
              "url": "http://hl7.org/fhir/StructureDefinition/implementationguide-page",
              "valueUri": "valueset-us-core-narrative-status.html"
            }
          ],
          "example": false,
          "sourceReference": {
            "reference": "ValueSet/us-core-narrative-status"
          }
        },
        {
          "extension": [
            {
              "url": "http://hl7.org/fhir/StructureDefinition/implementationguide-page",
              "valueUri": "valueset-us-core-immunization-status.html"
            }
          ],
          "example": false,
          "sourceReference": {
            "reference": "ValueSet/us-core-immunization-status"
          }
        },
        {
          "extension": [
            {
              "url": "http://hl7.org/fhir/StructureDefinition/implementationguide-page",
              "valueUri": "valueset-us-core-careteam-provider-roles.html"
            }
          ],
          "example": false,
          "sourceReference": {
            "reference": "ValueSet/us-core-careteam-provider-roles"
          }
        },
        {
          "extension": [
            {
              "url": "http://hl7.org/fhir/StructureDefinition/implementationguide-page",
              "valueUri": "ValueSet-us-core-careteam-status.html"
            }
          ],
          "example": false,
          "sourceReference": {
            "reference": "ValueSet/us-core-careteam-status"
          }
        }
      ]
    },
    {
      "name": "U.S.  Core AllergyIntolerance Profile",
      "resource": [
        {
          "extension": [
            {
              "url": "http://hl7.org/fhir/StructureDefinition/implementationguide-page",
              "valueUri": "StructureDefinition-us-core-allergyintolerance.html"
            }
          ],
          "example": false,
          "name": "Profile us-core-allergyintolerance",
          "sourceReference": {
            "reference": "StructureDefinition/us-core-allergyintolerance"
          }
        }
      ]
    },
    {
      "name": "U.S.  Core CarePlan Profile",
      "resource": [
        {
          "extension": [
            {
              "url": "http://hl7.org/fhir/StructureDefinition/implementationguide-page",
              "valueUri": "StructureDefinition-us-core-careplan.html"
            }
          ],
          "example": false,
          "name": "Profile us-core-careplan",
          "sourceReference": {
            "reference": "StructureDefinition/us-core-careplan"
          }
        }
      ]
    },
    {
      "name": "U.S.  Core CareTeam Profile",
      "resource": [
        {
          "extension": [
            {
              "url": "http://hl7.org/fhir/StructureDefinition/implementationguide-page",
              "valueUri": "StructureDefinition-us-core-careteam.html"
            }
          ],
          "example": false,
          "name": "Profile us-core-careteam",
          "sourceReference": {
            "reference": "StructureDefinition/us-core-careteam"
          }
        }
      ]
    },
    {
      "name": "U.S.  Core Condition (a.k.a Problem) Profile",
      "resource": [
        {
          "extension": [
            {
              "url": "http://hl7.org/fhir/StructureDefinition/implementationguide-page",
              "valueUri": "StructureDefinition-us-core-condition.html"
            }
          ],
          "example": false,
          "name": "Profile us-core-condition",
          "sourceReference": {
            "reference": "StructureDefinition/us-core-condition"
          }
        }
      ]
    },
    {
      "name": "U.S.  Core Device Profile",
      "resource": [
        {
          "extension": [
            {
              "url": "http://hl7.org/fhir/StructureDefinition/implementationguide-page",
              "valueUri": "StructureDefinition-us-core-device.html"
            }
          ],
          "example": false,
          "name": "Profile us-core-device",
          "sourceReference": {
            "reference": "StructureDefinition/us-core-device"
          }
        }
      ]
    },
    {
      "name": "U.S.  Core DiagnosticReport Profile",
      "resource": [
        {
          "extension": [
            {
              "url": "http://hl7.org/fhir/StructureDefinition/implementationguide-page",
              "valueUri": "StructureDefinition-us-core-diagnosticreport.html"
            }
          ],
          "example": false,
          "name": "US Core Diagnostic Report",
          "sourceReference": {
            "reference": "StructureDefinition/us-core-diagnosticreport"
          }
        }
      ]
    },
    {
      "name": "U.S.  Core Goal Profile",
      "resource": [
        {
          "extension": [
            {
              "url": "http://hl7.org/fhir/StructureDefinition/implementationguide-page",
              "valueUri": "StructureDefinition-us-core-goal.html"
            }
          ],
          "example": false,
          "name": "Profile us-core-goal",
          "sourceReference": {
            "reference": "StructureDefinition/us-core-goal"
          }
        }
      ]
    },
    {
      "name": "U.S.  Core Immunization Profile",
      "resource": [
        {
          "extension": [
            {
              "url": "http://hl7.org/fhir/StructureDefinition/implementationguide-page",
              "valueUri": "StructureDefinition-us-core-immunization.html"
            }
          ],
          "example": false,
          "name": "Profile us-core-immunization",
          "sourceReference": {
            "reference": "StructureDefinition/us-core-immunization"
          }
        }
      ]
    },
    {
      "name": "U.S.  Core Location Profile",
      "resource": [
        {
          "extension": [
            {
              "url": "http://hl7.org/fhir/StructureDefinition/implementationguide-page",
              "valueUri": "StructureDefinition-us-core-location.html"
            }
          ],
          "example": false,
          "name": "Profile us-core-location",
          "sourceReference": {
            "reference": "StructureDefinition/us-core-location"
          }
        }
      ]
    },
    {
      "name": "U.S.  Core Medication Profile",
      "resource": [
        {
          "extension": [
            {
              "url": "http://hl7.org/fhir/StructureDefinition/implementationguide-page",
              "valueUri": "StructureDefinition-us-core-medication.html"
            }
          ],
          "example": false,
          "name": "Profile us-core-medication",
          "sourceReference": {
            "reference": "StructureDefinition/us-core-medication"
          }
        }
      ]
    },
    {
      "name": "U.S.  Core MedicationRequest Profile",
      "resource": [
        {
          "extension": [
            {
              "url": "http://hl7.org/fhir/StructureDefinition/implementationguide-page",
              "valueUri": "StructureDefinition-us-core-medicationrequest.html"
            }
          ],
          "example": false,
          "name": "Profile us-core-medicationrequest",
          "sourceReference": {
            "reference": "StructureDefinition/us-core-medicationrequest"
          }
        }
      ]
    },
    {
      "name": "U.S.  Core MedicationStatement Profile",
      "resource": [
        {
          "extension": [
            {
              "url": "http://hl7.org/fhir/StructureDefinition/implementationguide-page",
              "valueUri": "StructureDefinition-us-core-medicationstatement.html"
            }
          ],
          "example": false,
          "name": "Profile us-core-medicationstatement",
          "sourceReference": {
            "reference": "StructureDefinition/us-core-medicationstatement"
          }
        }
      ]
    },
    {
      "name": "U.S.  Core Results Profile",
      "resource": [
        {
          "extension": [
            {
              "url": "http://hl7.org/fhir/StructureDefinition/implementationguide-page",
              "valueUri": "StructureDefinition-us-core-observationresults.html"
            }
          ],
          "example": false,
          "name": "US Core result observation",
          "sourceReference": {
            "reference": "StructureDefinition/us-core-observationresults"
          }
        }
      ]
    },
    {
      "name": "U.S.  Core Smoking Status Profile",
      "resource": [
        {
          "extension": [
            {
              "url": "http://hl7.org/fhir/StructureDefinition/implementationguide-page",
              "valueUri": "StructureDefinition-us-core-smokingstatus.html"
            }
          ],
          "example": false,
          "name": "Smoking Status Observation",
          "sourceReference": {
            "reference": "StructureDefinition/us-core-smokingstatus"
          }
        }
      ]
    },
    {
      "name": "U.S.  Core Vital Signs Profile",
      "resource": [
        {
          "extension": [
            {
              "url": "http://hl7.org/fhir/StructureDefinition/implementationguide-page",
              "valueUri": "StructureDefinition-us-core-vitalsigns.html"
            }
          ],
          "example": false,
          "name": "Profile us-core-vitalsigns",
          "sourceReference": {
            "reference": "StructureDefinition/us-core-vitalsigns"
          }
        }
      ]
    },
    {
      "name": "U.S. US Core Organization Core Profile",
      "resource": [
        {
          "extension": [
            {
              "url": "http://hl7.org/fhir/StructureDefinition/implementationguide-page",
              "valueUri": "StructureDefinition-us-core-organization.html"
            }
          ],
          "example": false,
          "name": "Profile us-core-organization",
          "sourceReference": {
            "reference": "StructureDefinition/us-core-organization"
          }
        }
      ]
    },
    {
      "name": "U.S.  Core Patient Profile",
      "resource": [
        {
          "extension": [
            {
              "url": "http://hl7.org/fhir/StructureDefinition/implementationguide-page",
              "valueUri": "structuredefinition-us-core-patient.html"
            }
          ],
          "example": false,
          "name": "Profile us-core-patient",
          "sourceReference": {
            "reference": "StructureDefinition/us-core-patient"
          }
        }
      ]
    },
    {
      "name": "U.S.  Core Practitioner Profile",
      "resource": [
        {
          "extension": [
            {
              "url": "http://hl7.org/fhir/StructureDefinition/implementationguide-page",
              "valueUri": "StructureDefinition-us-core-pract.html"
            }
          ],
          "example": false,
          "name": "US Core Practitioner",
          "sourceReference": {
            "reference": "StructureDefinition/us-core-pract"
          }
        }
      ]
    },
    {
      "name": "U.S.  Core Procedure Profile",
      "resource": [
        {
          "extension": [
            {
              "url": "http://hl7.org/fhir/StructureDefinition/implementationguide-page",
              "valueUri": "StructureDefinition-us-core-procedure.html"
            }
          ],
          "example": false,
          "name": "Profile us-core-procedure",
          "sourceReference": {
            "reference": "StructureDefinition/us-core-procedure"
          }
        }
      ]
    }
  ],
  "page": {
    "source": "index.html",
    "title": "blah",
    "kind": "page"
  }
}