{"resourceType":"StructureDefinition","id":"us-core-diagnosticreport","text":{"status":"generated","div":"<div xmlns=\"http://www.w3.org/1999/xhtml\"><p><b>Generated Narrative with Details</b></p><p><b>url</b>: <a href=\"http://hl7.org/fhir/us/core/StructureDefinition/us-core-diagnosticreport\">http://hl7.org/fhir/us/core/StructureDefinition/us-core-diagnosticreport</a></p><p><b>version</b>: 0.01</p><p><b>name</b>: US  Core DiagnosticReport Profile</p><p><b>status</b>: DRAFT</p><p><b>date</b>: Aug 1, 2016</p><p><b>publisher</b>: HL7 US Realm Steering Committee</p><p><b>contact</b>: </p><p><b>url</b>: <a href=\"http://hl7.org/fhir/us/core/StructureDefinition/us-core-diagnosticreport\">http://hl7.org/fhir/us/core/StructureDefinition/us-core-diagnosticreport</a></p><p><b>version</b>: 0.01</p><p><b>name</b>: US  Core DiagnosticReport Profile</p><p><b>status</b>: DRAFT</p><p><b>date</b>: Aug 1, 2016</p><p><b>publisher</b>: HL7 US Realm Steering Committee</p><p><b>contact</b>: </p><p><b>fhirVersion</b>: 3.0.0</p><blockquote><p><b>mapping</b></p><p><b>identity</b>: argonaut-dq-dstu2</p><p><b>uri</b>: <a href=\"http://unknown.org/Argonaut DQ DSTU2\">http://unknown.org/Argonaut DQ DSTU2</a></p><p><b>name</b>: Argonaut DQ DSTU2</p></blockquote><blockquote><p><b>mapping</b></p><p><b>identity</b>: workflow</p><p><b>uri</b>: <a href=\"http://hl7.org/fhir/workflow\">http://hl7.org/fhir/workflow</a></p><p><b>name</b>: Workflow Mapping</p></blockquote><blockquote><p><b>mapping</b></p><p><b>identity</b>: v2</p><p><b>uri</b>: <a href=\"http://hl7.org/v2\">http://hl7.org/v2</a></p><p><b>name</b>: HL7 v2 Mapping</p></blockquote><blockquote><p><b>mapping</b></p><p><b>identity</b>: rim</p><p><b>uri</b>: <a href=\"http://hl7.org/v3\">http://hl7.org/v3</a></p><p><b>name</b>: RIM Mapping</p></blockquote><blockquote><p><b>mapping</b></p><p><b>identity</b>: w5</p><p><b>uri</b>: <a href=\"http://hl7.org/fhir/w5\">http://hl7.org/fhir/w5</a></p><p><b>name</b>: W5 Mapping</p></blockquote><p><b>kind</b>: RESOURCE</p><p><b>abstract</b>: false</p><p><b>type</b>: DiagnosticReport</p><p><b>baseDefinition</b>: <a href=\"http://hl7.org/fhir/StructureDefinition/DiagnosticReport\">http://hl7.org/fhir/StructureDefinition/DiagnosticReport</a></p><p><b>derivation</b>: CONSTRAINT</p><h3>Snapshots</h3><table class=\"grid\"><tr><td>-</td><td><b>Element</b></td></tr><tr><td>*</td><td>todo-bundle</td></tr></table><h3>Differentials</h3><table class=\"grid\"><tr><td>-</td><td><b>Element</b></td></tr><tr><td>*</td><td>todo-bundle</td></tr></table></div>"},"url":"http://hl7.org/fhir/us/core/StructureDefinition/us-core-diagnosticreport","version":"0.01","name":"US  Core DiagnosticReport Profile","status":"draft","date":"2016-08-01","publisher":"HL7 US Realm Steering Committee","contact":[{"telecom":[{"system":"url","value":"http://www.healthit.gov"}]}],"fhirVersion":"3.0.0","mapping":[{"identity":"argonaut-dq-dstu2","uri":"http://unknown.org/Argonaut DQ DSTU2","name":"Argonaut DQ DSTU2"},{"identity":"workflow","uri":"http://hl7.org/fhir/workflow","name":"Workflow Mapping"},{"identity":"v2","uri":"http://hl7.org/v2","name":"HL7 v2 Mapping"},{"identity":"rim","uri":"http://hl7.org/v3","name":"RIM Mapping"},{"identity":"w5","uri":"http://hl7.org/fhir/w5","name":"W5 Mapping"}],"kind":"resource","abstract":false,"type":"DiagnosticReport","baseDefinition":"http://hl7.org/fhir/StructureDefinition/DiagnosticReport","derivation":"constraint","snapshot":{"element":[{"id":"DiagnosticReport:uscorediagnosticreport","path":"DiagnosticReport","sliceName":"USCoreDiagnosticReport","short":"US Core Diagnostic Report Profile","definition":"The US Core Diagnostic Report Profile is based upon the core FHIR DiagnosticReport Resource and created to meet the 2015 Edition Common Clinical Data Set 'Laboratory test(s) and Laboratory value(s)/result(s)' requirements.","comment":"This is intended to capture a single report, and is not suitable for use in displaying summary information that covers multiple reports.  For example, this resource has not been designed for laboratory cumulative reporting formats nor detailed structured reports for sequencing.","alias":["Report","Test","Result","Results","Labs","Laboratory","Lab Result","Lab Report"],"min":0,"max":"*","base":{"path":"DiagnosticReport","min":0,"max":"*"},"constraint":[{"key":"dom-2","severity":"error","human":"If the resource is contained in another resource, it SHALL NOT contain nested Resources","expression":"contained.contained.empty()","xpath":"not(parent::f:contained and f:contained)","source":"DomainResource"},{"key":"dom-1","severity":"error","human":"If the resource is contained in another resource, it SHALL NOT contain any narrative","expression":"contained.text.empty()","xpath":"not(parent::f:contained and f:text)","source":"DomainResource"},{"key":"dom-4","severity":"error","human":"If a resource is contained in another resource, it SHALL NOT have a meta.versionId or a meta.lastUpdated","expression":"contained.meta.versionId.empty() and contained.meta.lastUpdated.empty()","xpath":"not(exists(f:contained/*/f:meta/f:versionId)) and not(exists(f:contained/*/f:meta/f:lastUpdated))","source":"DomainResource"},{"key":"dom-3","severity":"error","human":"If the resource is contained in another resource, it SHALL be referred to from elsewhere in the resource","expression":"contained.where(('#'+id in %resource.descendants().reference).not()).empty()","xpath":"not(exists(for $id in f:contained/*/@id return $id[not(ancestor::f:contained/parent::*/descendant::f:reference/@value=concat('#', $id))]))","source":"DomainResource"}],"mustSupport":false,"mapping":[{"identity":"rim","map":"Entity. Role, or Act"},{"identity":"workflow","map":"Event"},{"identity":"v2","map":"ORU -> OBR"},{"identity":"rim","map":"Observation[classCode=OBS, moodCode=EVN]"},{"identity":"w5","map":"clinical.diagnostics"},{"identity":"argonaut-dq-dstu2","map":"DiagnosticReport"}]},{"id":"DiagnosticReport:uscorediagnosticreport.id","path":"DiagnosticReport.id","short":"Logical id of this artifact","definition":"The logical id of the resource, as used in the URL for the resource. Once assigned, this value never changes.","comment":"The only time that a resource does not have an id is when it is being submitted to the server using a create operation.","min":0,"max":"1","base":{"path":"Resource.id","min":0,"max":"1"},"type":[{"code":"id"}],"isSummary":true},{"id":"DiagnosticReport:uscorediagnosticreport.meta","path":"DiagnosticReport.meta","short":"Metadata about the resource","definition":"The metadata about the resource. This is content that is maintained by the infrastructure. Changes to the content may not always be associated with version changes to the resource.","min":0,"max":"1","base":{"path":"Resource.meta","min":0,"max":"1"},"type":[{"code":"Meta"}],"isSummary":true},{"id":"DiagnosticReport:uscorediagnosticreport.implicitRules","path":"DiagnosticReport.implicitRules","short":"A set of rules under which this content was created","definition":"A reference to a set of rules that were followed when the resource was constructed, and which must be understood when processing the content.","comment":"Asserting this rule set restricts the content to be only understood by a limited set of trading partners. This inherently limits the usefulness of the data in the long term. However, the existing health eco-system is highly fractured, and not yet ready to define, collect, and exchange data in a generally computable sense. Wherever possible, implementers and/or specification writers should avoid using this element. \n\nThis element is labelled as a modifier because the implicit rules may provide additional knowledge about the resource that modifies it's meaning or interpretation.","min":0,"max":"1","base":{"path":"Resource.implicitRules","min":0,"max":"1"},"type":[{"code":"uri"}],"isModifier":true,"isSummary":true},{"id":"DiagnosticReport:uscorediagnosticreport.language","path":"DiagnosticReport.language","short":"Language of the resource content","definition":"The base language in which the resource is written.","comment":"Language is provided to support indexing and accessibility (typically, services such as text to speech use the language tag). The html language tag in the narrative applies  to the narrative. The language tag on the resource may be used to specify the language of other presentations generated from the data in the resource  Not all the content has to be in the base language. The Resource.language should not be assumed to apply to the narrative automatically. If a language is specified, it should it also be specified on the div element in the html (see rules in HTML5 for information about the relationship between xml:lang and the html lang attribute).","min":0,"max":"1","base":{"path":"Resource.language","min":0,"max":"1"},"type":[{"code":"code"}],"binding":{"extension":[{"url":"http://hl7.org/fhir/StructureDefinition/elementdefinition-maxValueSet","valueReference":{"reference":"http://hl7.org/fhir/ValueSet/all-languages"}},{"url":"http://hl7.org/fhir/StructureDefinition/elementdefinition-bindingName","valueString":"Language"},{"url":"http://hl7.org/fhir/StructureDefinition/elementdefinition-isCommonBinding","valueBoolean":true}],"strength":"extensible","description":"A human language.","valueSetReference":{"reference":"http://hl7.org/fhir/ValueSet/languages"}}},{"id":"DiagnosticReport:uscorediagnosticreport.text","path":"DiagnosticReport.text","short":"Text summary of the resource, for human interpretation","definition":"A human-readable narrative that contains a summary of the resource, and may be used to represent the content of the resource to a human. The narrative need not encode all the structured data, but is required to contain sufficient detail to make it \"clinically safe\" for a human to just read the narrative. Resource definitions may define what content should be represented in the narrative to ensure clinical safety.","comment":"Contained resources do not have narrative. Resources that are not contained SHOULD have a narrative. In some cases, a resource may only have text with little or no additional discrete data (as long as all minOccurs=1 elements are satisfied).  This may be necessary for data from legacy systems where information is captured as a \"text blob\" or where text is additionally entered raw or narrated and encoded in formation is added later.","alias":["narrative","html","xhtml","display"],"min":0,"max":"1","base":{"path":"DomainResource.text","min":0,"max":"1"},"type":[{"code":"Narrative"}],"condition":["dom-1"],"mapping":[{"identity":"rim","map":"Act.text?"}]},{"id":"DiagnosticReport:uscorediagnosticreport.contained","path":"DiagnosticReport.contained","short":"Contained, inline Resources","definition":"These resources do not have an independent existence apart from the resource that contains them - they cannot be identified independently, and nor can they have their own independent transaction scope.","comment":"This should never be done when the content can be identified properly, as once identification is lost, it is extremely difficult (and context dependent) to restore it again.","alias":["inline resources","anonymous resources","contained resources"],"min":0,"max":"*","base":{"path":"DomainResource.contained","min":0,"max":"*"},"type":[{"code":"Resource"}],"mapping":[{"identity":"rim","map":"N/A"}]},{"id":"DiagnosticReport:uscorediagnosticreport.extension","path":"DiagnosticReport.extension","short":"Additional Content defined by implementations","definition":"May be used to represent additional information that is not part of the basic definition of the resource. In order to make the use of extensions safe and manageable, there is a strict set of governance  applied to the definition and use of extensions. Though any implementer is allowed to define an extension, there is a set of requirements that SHALL be met as part of the definition of the extension.","comment":"There can be no stigma associated with the use of extensions by any application, project, or standard - regardless of the institution or jurisdiction that uses or defines the extensions.  The use of extensions is what allows the FHIR specification to retain a core level of simplicity for everyone.","alias":["extensions","user content"],"min":0,"max":"*","base":{"path":"DomainResource.extension","min":0,"max":"*"},"type":[{"code":"Extension"}],"mapping":[{"identity":"rim","map":"N/A"}]},{"id":"DiagnosticReport:uscorediagnosticreport.modifierExtension","path":"DiagnosticReport.modifierExtension","short":"Extensions that cannot be ignored","definition":"May be used to represent additional information that is not part of the basic definition of the resource, and that modifies the understanding of the element that contains it. Usually modifier elements provide negation or qualification. In order to make the use of extensions safe and manageable, there is a strict set of governance applied to the definition and use of extensions. Though any implementer is allowed to define an extension, there is a set of requirements that SHALL be met as part of the definition of the extension. Applications processing a resource are required to check for modifier extensions.","comment":"There can be no stigma associated with the use of extensions by any application, project, or standard - regardless of the institution or jurisdiction that uses or defines the extensions.  The use of extensions is what allows the FHIR specification to retain a core level of simplicity for everyone.","alias":["extensions","user content"],"min":0,"max":"*","base":{"path":"DomainResource.modifierExtension","min":0,"max":"*"},"type":[{"code":"Extension"}],"isModifier":true,"mapping":[{"identity":"rim","map":"N/A"}]},{"id":"DiagnosticReport:uscorediagnosticreport.identifier","path":"DiagnosticReport.identifier","short":"Business identifier for report","definition":"Identifiers assigned to this report by the performer or other systems.","comment":"Usually assigned by the Information System of the diagnostic service provider (filler id).","requirements":"Need to know what identifier to use when making queries about this report from the source laboratory, and for linking to the report outside FHIR context.","alias":["ReportID","Filler ID","Placer ID"],"min":0,"max":"*","base":{"path":"DiagnosticReport.identifier","min":0,"max":"*"},"type":[{"code":"Identifier"}],"isSummary":true,"mapping":[{"identity":"workflow","map":"Event.identifier"},{"identity":"v2","map":"OBR-51"},{"identity":"rim","map":"id"},{"identity":"w5","map":"id"}]},{"id":"DiagnosticReport:uscorediagnosticreport.basedOn","path":"DiagnosticReport.basedOn","short":"What was requested","definition":"Details concerning a test or procedure requested.","comment":"Note: Usually there is one test request for each result, however in some circumstances multiple test requests may be represented using a single test result resource. Note that there are also cases where one request leads to multiple reports.","requirements":"This allows tracing of authorization for the report and tracking whether proposals/recommendations were acted upon.","alias":["Request"],"min":0,"max":"*","base":{"path":"DiagnosticReport.basedOn","min":0,"max":"*"},"type":[{"code":"Reference","targetProfile":"http://hl7.org/fhir/StructureDefinition/CarePlan"},{"code":"Reference","targetProfile":"http://hl7.org/fhir/StructureDefinition/ImmunizationRecommendation"},{"code":"Reference","targetProfile":"http://hl7.org/fhir/StructureDefinition/MedicationRequest"},{"code":"Reference","targetProfile":"http://hl7.org/fhir/StructureDefinition/NutritionOrder"},{"code":"Reference","targetProfile":"http://hl7.org/fhir/StructureDefinition/ProcedureRequest"},{"code":"Reference","targetProfile":"http://hl7.org/fhir/StructureDefinition/ReferralRequest"}],"mapping":[{"identity":"workflow","map":"Event.basedOn"},{"identity":"v2","map":"ORC? OBR-2/3?"},{"identity":"rim","map":"outboundRelationship[typeCode=FLFS].target"}]},{"id":"DiagnosticReport:uscorediagnosticreport.status","path":"DiagnosticReport.status","short":"registered | partial | preliminary | final +","definition":"The status of the diagnostic report as a whole.","comment":"This is labeled as \"Is Modifier\" because applications need to take appropriate action if a report is withdrawn.","requirements":"Diagnostic services routinely issue provisional/incomplete reports, and sometimes withdraw previously released reports.","min":1,"max":"1","base":{"path":"DiagnosticReport.status","min":1,"max":"1"},"type":[{"code":"code"}],"mustSupport":true,"isModifier":true,"isSummary":true,"binding":{"strength":"required","valueSetReference":{"reference":"http://hl7.org/fhir/ValueSet/diagnostic-report-status"}},"mapping":[{"identity":"workflow","map":"Event.status"},{"identity":"v2","map":"OBR-25 (not 1:1 mapping)"},{"identity":"rim","map":"statusCode  Note: final and amended are distinguished by whether observation is the subject of a ControlAct event of type \"revise\""},{"identity":"w5","map":"status"},{"identity":"argonaut-dq-dstu2","map":"DiagnosticReport.status"}]},{"id":"DiagnosticReport:uscorediagnosticreport.category","path":"DiagnosticReport.category","short":"Service category","definition":"A code that classifies the clinical discipline, department or diagnostic service that created the report (e.g. cardiology, biochemistry, hematology, MRI). This is used for searching, sorting and display purposes.","comment":"The level of granularity is defined by the category concepts in the value set. More fine-grained filtering can be performed using the metadata and/or terminology hierarchy in DiagnosticReport.code.","alias":["Department","Sub-department","Service","Discipline","Department","Sub-department","service","discipline"],"min":1,"max":"1","base":{"path":"DiagnosticReport.category","min":0,"max":"1"},"type":[{"code":"CodeableConcept"}],"patternCodeableConcept":{"coding":[{"system":"http://hl7.org/fhir/v2/0074","code":"LAB"}]},"mustSupport":true,"isSummary":true,"binding":{"extension":[{"url":"http://hl7.org/fhir/StructureDefinition/elementdefinition-bindingName","valueString":"DiagnosticServiceSection"}],"strength":"example","description":"Codes for diagnostic service sections.","valueSetReference":{"reference":"http://hl7.org/fhir/ValueSet/diagnostic-service-sections"}},"mapping":[{"identity":"v2","map":"OBR-24"},{"identity":"rim","map":"inboundRelationship[typeCode=COMP].source[classCode=LIST, moodCode=EVN, code < LabService].code"},{"identity":"w5","map":"class"},{"identity":"argonaut-dq-dstu2","map":"DiagnosticReport.category"}]},{"id":"DiagnosticReport:uscorediagnosticreport.code","path":"DiagnosticReport.code","short":"US Core Laboratory Report Order Code","definition":"The test, panel or battery that was ordered.","comment":"UsageNote= The typical patterns for codes are:  1)  a LOINC code either as a  translation from a \"local\" code or as a primary code, or 2)  a local code only if no suitable LOINC exists,  or 3)  both the local and the LOINC translation.   Systems SHALL be capable of sending the local code if one exists.","alias":["Type"],"min":1,"max":"1","base":{"path":"DiagnosticReport.code","min":1,"max":"1"},"type":[{"code":"CodeableConcept"}],"mustSupport":true,"isSummary":true,"binding":{"strength":"extensible","description":"LOINC codes","valueSetReference":{"reference":"http://hl7.org/fhir/ValueSet/report-codes"}},"mapping":[{"identity":"workflow","map":"Event.code"},{"identity":"v2","map":"OBR-4 (HL7 v2 doesn't provide an easy way to indicate both the ordered test and the performed panel)"},{"identity":"rim","map":"code"},{"identity":"w5","map":"what"},{"identity":"argonaut-dq-dstu2","map":"DiagnosticReport.code"}]},{"id":"DiagnosticReport:uscorediagnosticreport.subject","path":"DiagnosticReport.subject","short":"The subject of the report - usually, but not always, the patient","definition":"The subject of the report. Usually, but not always, this is a patient. However diagnostic services also perform analyses on specimens collected from a variety of other sources.","requirements":"SHALL know the subject context.","alias":["Patient"],"min":1,"max":"1","base":{"path":"DiagnosticReport.subject","min":0,"max":"1"},"type":[{"code":"Reference","targetProfile":"http://hl7.org/fhir/us/core/StructureDefinition/us-core-patient"}],"mustSupport":true,"isSummary":true,"mapping":[{"identity":"workflow","map":"Event.subject"},{"identity":"v2","map":"PID-3 (no HL7 v2 mapping for Group or Device)"},{"identity":"rim","map":"participation[typeCode=SBJ]"},{"identity":"w5","map":"who.focus"},{"identity":"argonaut-dq-dstu2","map":"DiagnosticReport.subject"}]},{"id":"DiagnosticReport:uscorediagnosticreport.context","path":"DiagnosticReport.context","short":"Health care event when test ordered","definition":"The healthcare event  (e.g. a patient and healthcare provider interaction) which this DiagnosticReport per is about.","comment":"This will typically be the encounter the event occurred within, but some events may be initiated prior to or after the official completion of an encounter or episode but still be tied to the context of the encounter or episode (e.g. pre-admission lab tests).","requirements":"Links the request to the Encounter context.","alias":["Encounter"],"min":0,"max":"1","base":{"path":"DiagnosticReport.context","min":0,"max":"1"},"type":[{"code":"Reference","targetProfile":"http://hl7.org/fhir/StructureDefinition/Encounter"},{"code":"Reference","targetProfile":"http://hl7.org/fhir/StructureDefinition/EpisodeOfCare"}],"isSummary":true,"mapping":[{"identity":"workflow","map":"Event.context"},{"identity":"v2","map":"PV1-19"},{"identity":"rim","map":"inboundRelationship[typeCode=COMP].source[classCode=ENC, moodCode=EVN]"},{"identity":"w5","map":"context"}]},{"id":"DiagnosticReport:uscorediagnosticreport.effective[x]","path":"DiagnosticReport.effective[x]","short":"Specimen Collection Datetime or Period","definition":"This is the Specimen Collection Datetime or Period which is the physically relevent dateTime for laboratory tests.","comment":"If the diagnostic procedure was performed on the patient, this is the time it was performed. If there are specimens, the diagnostically relevant time can be derived from the specimen collection times, but the specimen information is not always available, and the exact relationship between the specimens and the diagnostically relevant time is not always automatic.","requirements":"Need to know where in the patient history to file/present this report.","alias":["Observation time","Effective Time","Occurrence"],"min":1,"max":"1","base":{"path":"DiagnosticReport.effective[x]","min":0,"max":"1"},"type":[{"code":"dateTime"},{"code":"Period"}],"mustSupport":true,"isSummary":true,"mapping":[{"identity":"workflow","map":"Event.occurrence[x]"},{"identity":"v2","map":"OBR-7"},{"identity":"rim","map":"effectiveTime"},{"identity":"w5","map":"when.done"},{"identity":"argonaut-dq-dstu2","map":"DiagnosticReport.effective[x]"}]},{"id":"DiagnosticReport:uscorediagnosticreport.issued","path":"DiagnosticReport.issued","short":"DateTime this version was released","definition":"The date and time that this version of the report was released from the source diagnostic service.","comment":"May be different from the update time of the resource itself, because that is the status of the record (potentially a secondary copy), not the actual release time of the report.","requirements":"Clinicians need to be able to check the date that the report was released.","alias":["Date Created","Date published","Date Issued"],"min":1,"max":"1","base":{"path":"DiagnosticReport.issued","min":0,"max":"1"},"type":[{"code":"instant"}],"mustSupport":true,"isSummary":true,"mapping":[{"identity":"v2","map":"OBR-22"},{"identity":"rim","map":"participation[typeCode=VRF or AUT].time"},{"identity":"w5","map":"when.recorded"},{"identity":"argonaut-dq-dstu2","map":"DiagnosticReport.issued"}]},{"id":"DiagnosticReport:uscorediagnosticreport.performer","path":"DiagnosticReport.performer","short":"Participants in producing the report","definition":"Indicates who or what participated in producing the report.","alias":["Laboratory","Service","Practitioner","Department","Company"],"min":0,"max":"*","base":{"path":"DiagnosticReport.performer","min":0,"max":"*"},"type":[{"code":"BackboneElement"}],"constraint":[{"key":"ele-1","severity":"error","human":"All FHIR elements must have a @value or children","expression":"children().count() > id.count()","xpath":"@value|f:*|h:div","source":"Element"}],"mustSupport":true,"isSummary":true,"mapping":[{"identity":"workflow","map":"Event.performer"},{"identity":"v2","map":"PRT-8 (where this PRT-4-Participation = \"PO\")"},{"identity":"rim","map":".participation[typeCode=PRF]"},{"identity":"w5","map":"who.witness"},{"identity":"argonaut-dq-dstu2","map":"NA (new element in STU3)"}]},{"id":"DiagnosticReport:uscorediagnosticreport.performer.id","path":"DiagnosticReport.performer.id","representation":["xmlAttr"],"short":"xml:id (or equivalent in JSON)","definition":"unique id for the element within a resource (for internal references). This may be any string value that does not contain spaces.","min":0,"max":"1","base":{"path":"Element.id","min":0,"max":"1"},"type":[{"code":"string"}],"mapping":[{"identity":"rim","map":"n/a"}]},{"id":"DiagnosticReport:uscorediagnosticreport.performer.extension","path":"DiagnosticReport.performer.extension","short":"Additional Content defined by implementations","definition":"May be used to represent additional information that is not part of the basic definition of the element. In order to make the use of extensions safe and manageable, there is a strict set of governance  applied to the definition and use of extensions. Though any implementer is allowed to define an extension, there is a set of requirements that SHALL be met as part of the definition of the extension.","comment":"There can be no stigma associated with the use of extensions by any application, project, or standard - regardless of the institution or jurisdiction that uses or defines the extensions.  The use of extensions is what allows the FHIR specification to retain a core level of simplicity for everyone.","alias":["extensions","user content"],"min":0,"max":"*","base":{"path":"Element.extension","min":0,"max":"*"},"type":[{"code":"Extension"}],"mapping":[{"identity":"rim","map":"n/a"}]},{"id":"DiagnosticReport:uscorediagnosticreport.performer.modifierExtension","path":"DiagnosticReport.performer.modifierExtension","short":"Extensions that cannot be ignored","definition":"May be used to represent additional information that is not part of the basic definition of the element, and that modifies the understanding of the element that contains it. Usually modifier elements provide negation or qualification. In order to make the use of extensions safe and manageable, there is a strict set of governance applied to the definition and use of extensions. Though any implementer is allowed to define an extension, there is a set of requirements that SHALL be met as part of the definition of the extension. Applications processing a resource are required to check for modifier extensions.","comment":"There can be no stigma associated with the use of extensions by any application, project, or standard - regardless of the institution or jurisdiction that uses or defines the extensions.  The use of extensions is what allows the FHIR specification to retain a core level of simplicity for everyone.","alias":["extensions","user content","modifiers"],"min":0,"max":"*","base":{"path":"BackboneElement.modifierExtension","min":0,"max":"*"},"type":[{"code":"Extension"}],"isModifier":true,"isSummary":true,"mapping":[{"identity":"rim","map":"N/A"}]},{"id":"DiagnosticReport:uscorediagnosticreport.performer.role","path":"DiagnosticReport.performer.role","short":"Type of performer","definition":"Describes the type of participation (e.g.  a responsible party, author, or verifier).","min":0,"max":"1","base":{"path":"DiagnosticReport.performer.role","min":0,"max":"1"},"type":[{"code":"CodeableConcept"}],"isSummary":true,"binding":{"extension":[{"url":"http://hl7.org/fhir/StructureDefinition/elementdefinition-bindingName","valueString":"Role"}],"strength":"example","description":"Indicate a role of diagnostic report performer","valueSetReference":{"reference":"http://hl7.org/fhir/ValueSet/performer-role"}},"mapping":[{"identity":"workflow","map":"Event.performer.role"},{"identity":"v2","map":"PRT-8 (where this PRT-4-Participation = \"PO\")"},{"identity":"rim","map":".functionCode"}]},{"id":"DiagnosticReport:uscorediagnosticreport.performer.actor","path":"DiagnosticReport.performer.actor","short":"Practitioner or Organization  participant","definition":"The reference to the  practitioner or organization involved in producing the report. For example, the diagnostic service that is responsible for issuing the report.","comment":"This is not necessarily the source of the atomic data items. It is the entity that takes responsibility for the clinical report.","requirements":"Need to know whom to contact if there are queries about the results. Also may need to track the source of reports for secondary data analysis.","min":1,"max":"1","base":{"path":"DiagnosticReport.performer.actor","min":1,"max":"1"},"type":[{"code":"Reference","targetProfile":"http://hl7.org/fhir/us/core/StructureDefinition/us-core-practitioner"},{"code":"Reference","targetProfile":"http://hl7.org/fhir/us/core/StructureDefinition/us-core-organization"}],"mustSupport":true,"isSummary":true,"mapping":[{"identity":"workflow","map":"Event.performer.actor"},{"identity":"v2","map":"PRT-8 (where this PRT-4-Participation = \"PO\")"},{"identity":"rim","map":".role"},{"identity":"argonaut-dq-dstu2","map":"DiagnosticReport.performer"}]},{"id":"DiagnosticReport:uscorediagnosticreport.specimen","path":"DiagnosticReport.specimen","short":"Specimens this report is based on","definition":"Details about the specimens on which this diagnostic report is based.","comment":"If the specimen is sufficiently specified with a code in the test result name, then this additional data may be redundant. If there are multiple specimens, these may be represented per observation or group.","requirements":"Need to be able to report information about the collected specimens on which the report is based.","min":0,"max":"*","base":{"path":"DiagnosticReport.specimen","min":0,"max":"*"},"type":[{"code":"Reference","targetProfile":"http://hl7.org/fhir/StructureDefinition/Specimen"}],"mapping":[{"identity":"v2","map":"SPM"},{"identity":"rim","map":"participation[typeCode=SBJ]"}]},{"id":"DiagnosticReport:uscorediagnosticreport.result","path":"DiagnosticReport.result","short":"Observations - simple, or complex nested groups","definition":"Observations that are part of this diagnostic report. Observations can be simple name/value pairs (e.g. \"atomic\" results), or they can be grouping observations that include references to other members of the group (e.g. \"panels\").","requirements":"Need to support individual results, or report groups of results, where the result grouping is arbitrary, but meaningful. This structure is recursive - observations can contain observations.","alias":["Data","Atomic Value","Result","Atomic result","Data","Test","Analyte","Battery","Organizer"],"min":0,"max":"*","base":{"path":"DiagnosticReport.result","min":0,"max":"*"},"type":[{"code":"Reference","targetProfile":"http://hl7.org/fhir/us/core/StructureDefinition/us-core-observationresults"}],"mustSupport":true,"mapping":[{"identity":"v2","map":"OBXs"},{"identity":"rim","map":"outboundRelationship[typeCode=COMP].target"},{"identity":"argonaut-dq-dstu2","map":"DiagnosticReport.result"}]},{"id":"DiagnosticReport:uscorediagnosticreport.imagingStudy","path":"DiagnosticReport.imagingStudy","short":"Reference to full details of imaging associated with the diagnostic report","definition":"One or more links to full details of any imaging performed during the diagnostic investigation. Typically, this is imaging performed by DICOM enabled modalities, but this is not required. A fully enabled PACS viewer can use this information to provide views of the source images.","comment":"ImagingStudy and ImageManifest and the image element are somewhat overlapping - typically, the list of image references in the image element will also be found in one of the imaging study resources. However each caters to different types of displays for different types of purposes. Neither, either, or both may be provided.","min":0,"max":"*","base":{"path":"DiagnosticReport.imagingStudy","min":0,"max":"*"},"type":[{"code":"Reference","targetProfile":"http://hl7.org/fhir/StructureDefinition/ImagingStudy"},{"code":"Reference","targetProfile":"http://hl7.org/fhir/StructureDefinition/ImagingManifest"}],"mapping":[{"identity":"rim","map":"outboundRelationship[typeCode=COMP].target[classsCode=DGIMG, moodCode=EVN]"}]},{"id":"DiagnosticReport:uscorediagnosticreport.image","path":"DiagnosticReport.image","short":"Key images associated with this report","definition":"A list of key images associated with this report. The images are generally created during the diagnostic process, and may be directly of the patient, or of treated specimens (i.e. slides of interest).","requirements":"Many diagnostic services include images in the report as part of their service.","alias":["DICOM","Slides","Scans"],"min":0,"max":"*","base":{"path":"DiagnosticReport.image","min":0,"max":"*"},"type":[{"code":"BackboneElement"}],"constraint":[{"key":"ele-1","severity":"error","human":"All FHIR elements must have a @value or children","expression":"children().count() > id.count()","xpath":"@value|f:*|h:div","source":"Element"}],"mustSupport":true,"isSummary":true,"mapping":[{"identity":"v2","map":"OBX?"},{"identity":"rim","map":"outboundRelationship[typeCode=COMP].target"},{"identity":"argonaut-dq-dstu2","map":"DiagnosticReport.image"}]},{"id":"DiagnosticReport:uscorediagnosticreport.image.id","path":"DiagnosticReport.image.id","representation":["xmlAttr"],"short":"xml:id (or equivalent in JSON)","definition":"unique id for the element within a resource (for internal references). This may be any string value that does not contain spaces.","min":0,"max":"1","base":{"path":"Element.id","min":0,"max":"1"},"type":[{"code":"string"}],"mapping":[{"identity":"rim","map":"n/a"}]},{"id":"DiagnosticReport:uscorediagnosticreport.image.extension","path":"DiagnosticReport.image.extension","short":"Additional Content defined by implementations","definition":"May be used to represent additional information that is not part of the basic definition of the element. In order to make the use of extensions safe and manageable, there is a strict set of governance  applied to the definition and use of extensions. Though any implementer is allowed to define an extension, there is a set of requirements that SHALL be met as part of the definition of the extension.","comment":"There can be no stigma associated with the use of extensions by any application, project, or standard - regardless of the institution or jurisdiction that uses or defines the extensions.  The use of extensions is what allows the FHIR specification to retain a core level of simplicity for everyone.","alias":["extensions","user content"],"min":0,"max":"*","base":{"path":"Element.extension","min":0,"max":"*"},"type":[{"code":"Extension"}],"mapping":[{"identity":"rim","map":"n/a"}]},{"id":"DiagnosticReport:uscorediagnosticreport.image.modifierExtension","path":"DiagnosticReport.image.modifierExtension","short":"Extensions that cannot be ignored","definition":"May be used to represent additional information that is not part of the basic definition of the element, and that modifies the understanding of the element that contains it. Usually modifier elements provide negation or qualification. In order to make the use of extensions safe and manageable, there is a strict set of governance applied to the definition and use of extensions. Though any implementer is allowed to define an extension, there is a set of requirements that SHALL be met as part of the definition of the extension. Applications processing a resource are required to check for modifier extensions.","comment":"There can be no stigma associated with the use of extensions by any application, project, or standard - regardless of the institution or jurisdiction that uses or defines the extensions.  The use of extensions is what allows the FHIR specification to retain a core level of simplicity for everyone.","alias":["extensions","user content","modifiers"],"min":0,"max":"*","base":{"path":"BackboneElement.modifierExtension","min":0,"max":"*"},"type":[{"code":"Extension"}],"isModifier":true,"isSummary":true,"mapping":[{"identity":"rim","map":"N/A"}]},{"id":"DiagnosticReport:uscorediagnosticreport.image.comment","path":"DiagnosticReport.image.comment","short":"Comment about the image (e.g. explanation)","definition":"A comment about the image. Typically, this is used to provide an explanation for why the image is included, or to draw the viewer's attention to important features.","comment":"The comment should be displayed with the image. It would be common for the report to include additional discussion of the image contents in other sections such as the conclusion.","requirements":"The provider of the report should make a comment about each image included in the report.","min":0,"max":"1","base":{"path":"DiagnosticReport.image.comment","min":0,"max":"1"},"type":[{"code":"string"}],"mapping":[{"identity":"rim","map":".inboundRelationship[typeCode=COMP].source[classCode=OBS, moodCode=EVN, code=\"annotation\"].value"}]},{"id":"DiagnosticReport:uscorediagnosticreport.image.link","path":"DiagnosticReport.image.link","short":"Reference to the image source","definition":"Reference to the image source.","min":1,"max":"1","base":{"path":"DiagnosticReport.image.link","min":1,"max":"1"},"type":[{"code":"Reference","targetProfile":"http://hl7.org/fhir/StructureDefinition/Media"}],"isSummary":true,"mapping":[{"identity":"rim","map":".value.reference"}]},{"id":"DiagnosticReport:uscorediagnosticreport.conclusion","path":"DiagnosticReport.conclusion","short":"Clinical Interpretation of test results","definition":"Concise and clinically contextualized impression / summary of the diagnostic report.","requirements":"Need to be able to provide a conclusion that is not lost among the basic result data.","alias":["Report"],"min":0,"max":"1","base":{"path":"DiagnosticReport.conclusion","min":0,"max":"1"},"type":[{"code":"string"}],"mapping":[{"identity":"v2","map":"OBX"},{"identity":"rim","map":"inboundRelationship[typeCode=\"SPRT\"].source[classCode=OBS, moodCode=EVN, code=LOINC:48767-8].value (type=ST)"}]},{"id":"DiagnosticReport:uscorediagnosticreport.codedDiagnosis","path":"DiagnosticReport.codedDiagnosis","short":"Codes for the conclusion","definition":"Codes for the conclusion.","min":0,"max":"*","base":{"path":"DiagnosticReport.codedDiagnosis","min":0,"max":"*"},"type":[{"code":"CodeableConcept"}],"binding":{"extension":[{"url":"http://hl7.org/fhir/StructureDefinition/elementdefinition-bindingName","valueString":"AdjunctDiagnosis"}],"strength":"example","description":"Diagnosis codes provided as adjuncts to the report.","valueSetReference":{"reference":"http://hl7.org/fhir/ValueSet/clinical-findings"}},"mapping":[{"identity":"v2","map":"OBX"},{"identity":"rim","map":"inboundRelationship[typeCode=SPRT].source[classCode=OBS, moodCode=EVN, code=LOINC:54531-9].value (type=CD)"}]},{"id":"DiagnosticReport:uscorediagnosticreport.presentedForm","path":"DiagnosticReport.presentedForm","short":"Entire report as issued","definition":"Rich text representation of the entire result as issued by the diagnostic service. Multiple formats are allowed but they SHALL be semantically equivalent.","comment":"\"application/pdf\" is recommended as the most reliable and interoperable in this context.","requirements":"Gives laboratory the ability to provide its own fully formatted report for clinical fidelity.","min":0,"max":"*","base":{"path":"DiagnosticReport.presentedForm","min":0,"max":"*"},"type":[{"code":"Attachment"}],"mustSupport":true,"mapping":[{"identity":"v2","map":"OBX"},{"identity":"rim","map":"text (type=ED)"},{"identity":"argonaut-dq-dstu2","map":"DiagnosticReport.presentedForm"}]}]},"differential":{"element":[{"id":"DiagnosticReport:uscorediagnosticreport","path":"DiagnosticReport","sliceName":"USCoreDiagnosticReport","short":"US Core Diagnostic Report Profile","definition":"The US Core Diagnostic Report Profile is based upon the core FHIR DiagnosticReport Resource and created to meet the 2015 Edition Common Clinical Data Set 'Laboratory test(s) and Laboratory value(s)/result(s)' requirements.","alias":["Lab Result","Lab Report"],"mustSupport":false,"isModifier":false,"mapping":[{"identity":"argonaut-dq-dstu2","map":"DiagnosticReport"}]},{"id":"DiagnosticReport:uscorediagnosticreport.status","path":"DiagnosticReport.status","min":1,"max":"1","type":[{"code":"code"}],"mustSupport":true,"isModifier":false,"binding":{"strength":"required","valueSetReference":{"reference":"http://hl7.org/fhir/ValueSet/diagnostic-report-status"}},"mapping":[{"identity":"argonaut-dq-dstu2","map":"DiagnosticReport.status"}]},{"id":"DiagnosticReport:uscorediagnosticreport.category","path":"DiagnosticReport.category","alias":["Department","Sub-department","service","discipline"],"min":1,"max":"1","type":[{"code":"CodeableConcept"}],"patternCodeableConcept":{"coding":[{"system":"http://hl7.org/fhir/v2/0074","code":"LAB"}]},"mustSupport":true,"isModifier":false,"mapping":[{"identity":"argonaut-dq-dstu2","map":"DiagnosticReport.category"}]},{"id":"DiagnosticReport:uscorediagnosticreport.code","path":"DiagnosticReport.code","short":"US Core Laboratory Report Order Code","definition":"The test, panel or battery that was ordered.","comment":"UsageNote= The typical patterns for codes are:  1)  a LOINC code either as a  translation from a \"local\" code or as a primary code, or 2)  a local code only if no suitable LOINC exists,  or 3)  both the local and the LOINC translation.   Systems SHALL be capable of sending the local code if one exists.","min":1,"max":"1","type":[{"code":"CodeableConcept"}],"mustSupport":true,"isModifier":false,"binding":{"strength":"extensible","description":"LOINC codes","valueSetReference":{"reference":"http://hl7.org/fhir/ValueSet/report-codes"}},"mapping":[{"identity":"argonaut-dq-dstu2","map":"DiagnosticReport.code"}]},{"id":"DiagnosticReport:uscorediagnosticreport.subject","path":"DiagnosticReport.subject","min":1,"max":"1","type":[{"code":"Reference","targetProfile":"http://hl7.org/fhir/us/core/StructureDefinition/us-core-patient"}],"mustSupport":true,"isModifier":false,"mapping":[{"identity":"argonaut-dq-dstu2","map":"DiagnosticReport.subject"}]},{"id":"DiagnosticReport:uscorediagnosticreport.effective[x]","path":"DiagnosticReport.effective[x]","short":"Specimen Collection Datetime or Period","definition":"This is the Specimen Collection Datetime or Period which is the physically relevent dateTime for laboratory tests.","min":1,"max":"1","type":[{"code":"dateTime"},{"code":"Period"}],"mustSupport":true,"isModifier":false,"mapping":[{"identity":"argonaut-dq-dstu2","map":"DiagnosticReport.effective[x]"}]},{"id":"DiagnosticReport:uscorediagnosticreport.issued","path":"DiagnosticReport.issued","min":1,"max":"1","type":[{"code":"instant"}],"mustSupport":true,"isModifier":false,"mapping":[{"identity":"argonaut-dq-dstu2","map":"DiagnosticReport.issued"}]},{"id":"DiagnosticReport:uscorediagnosticreport.performer","path":"DiagnosticReport.performer","min":0,"max":"*","mustSupport":true,"isModifier":false,"mapping":[{"identity":"argonaut-dq-dstu2","map":"NA (new element in STU3)"}]},{"id":"DiagnosticReport:uscorediagnosticreport.performer.actor","path":"DiagnosticReport.performer.actor","min":1,"max":"1","type":[{"code":"Reference","targetProfile":"http://hl7.org/fhir/us/core/StructureDefinition/us-core-practitioner"},{"code":"Reference","targetProfile":"http://hl7.org/fhir/us/core/StructureDefinition/us-core-organization"}],"mustSupport":true,"isModifier":false,"mapping":[{"identity":"argonaut-dq-dstu2","map":"DiagnosticReport.performer"}]},{"id":"DiagnosticReport:uscorediagnosticreport.result","path":"DiagnosticReport.result","min":0,"max":"*","type":[{"code":"Reference","targetProfile":"http://hl7.org/fhir/us/core/StructureDefinition/us-core-observationresults"}],"mustSupport":true,"isModifier":false,"mapping":[{"identity":"argonaut-dq-dstu2","map":"DiagnosticReport.result"}]},{"id":"DiagnosticReport:uscorediagnosticreport.image","path":"DiagnosticReport.image","min":0,"max":"*","mustSupport":true,"isModifier":false,"mapping":[{"identity":"argonaut-dq-dstu2","map":"DiagnosticReport.image"}]},{"id":"DiagnosticReport:uscorediagnosticreport.presentedForm","path":"DiagnosticReport.presentedForm","min":0,"max":"*","type":[{"code":"Attachment"}],"mustSupport":true,"isModifier":false,"mapping":[{"identity":"argonaut-dq-dstu2","map":"DiagnosticReport.presentedForm"}]}]}}