{"resourceType":"ValueSet","id":"detailed-ethnicity","text":{"status":"generated","div":"<div xmlns=\"http://www.w3.org/1999/xhtml\"><h2>US-Core Detailed ethnicity</h2><div><p>The 41 <a href=\"http://www.cdc.gov/phin/resources/vocabulary/index.html\">CDC ethnicity codes</a> that are grouped under one of the 2 OMB ethnicity category codes.</p>\n</div><p>This value set includes codes from the following code systems:</p><ul><li>Include codes from <a href=\"CodeSystem-cdcrec.html\"><code>urn:oid:2.16.840.1.113883.6.238</code></a> where concept  is-a  <a href=\"CodeSystem-cdcrec.html#cdcrec-2133-7\">2133-7</a></li><li>Exclude these codes as defined in <a href=\"CodeSystem-cdcrec.html\"><code>urn:oid:2.16.840.1.113883.6.238</code></a><table class=\"none\"><tr><td><b>Code</b></td><td><b>Display</b></td></tr><tr><td><a href=\"CodeSystem-cdcrec.html#cdcrec-2135-2\">2135-2</a></td><td>Hispanic or Latino</td><td>Hispanic or Latino</td></tr><tr><td><a href=\"CodeSystem-cdcrec.html#cdcrec-2186-5\">2186-5</a></td><td>Not Hispanic or Latino</td><td>Note that this term remains in the table for completeness, even though within HL7, the notion of &quot;not otherwise coded&quot; term is deprecated.</td></tr></table></li></ul></div>"},"url":"http://hl7.org/fhir/us/core/ValueSet/detailed-ethnicity","name":"US-Core Detailed ethnicity","status":"draft","date":"2016-08-30","publisher":"HL7 US Realm Steering Committee","description":"The 41 [CDC ethnicity codes](http://www.cdc.gov/phin/resources/vocabulary/index.html) that are grouped under one of the 2 OMB ethnicity category codes.","compose":{"include":[{"system":"urn:oid:2.16.840.1.113883.6.238","filter":[{"property":"concept","op":"is-a","value":"2133-7"}]}],"exclude":[{"system":"urn:oid:2.16.840.1.113883.6.238","concept":[{"code":"2135-2"},{"code":"2186-5"}]}]}}