{
  "resourceType": "ValueSet",
  "id": "us-core-substance-sct",
  "meta": {
    "lastUpdated": "2016-05-25T16:59:08.250+10:00"
  },
  "text": {
    "status": "generated",
    "div": "<div xmlns=\"http://www.w3.org/1999/xhtml\"><h2>US Core SNOMED CT Substances Other Than Clinical Drugs</h2><div><p>SNOMED CT Substance concepts Other Than Clinical Drug Substances that are not represented by RXNORM  drug concepts or FDA UNII substance concepts. This value set is meant to be quite broad and includes many substances that may never be prescribed or be a reactant. It does not remove all overlap with RXNORM and UNII; for those concepts, the alternative code system should be chosen.</p>\n</div><p><b>Copyright Statement:</b> This value set includes content from SNOMED CT, which is copyright © 2002+ International Health Terminology Standards Development Organisation (IHTSDO), and distributed by agreement between IHTSDO and HL7. Implementer use of SNOMED CT is not covered by this agreement.</p><p>This value set includes codes from the following code systems:</p><ul><li>Include codes from <a href=\"http://build.fhir.org/codesystem-snomedct.html\">http://snomed.info/sct</a> where concept  is-a  105590001</li><li>Exclude codes from <a href=\"http://build.fhir.org/codesystem-snomedct.html\">http://snomed.info/sct</a> where concept  is-a  410942007</li><li>Exclude codes from <a href=\"http://build.fhir.org/codesystem-snomedct.html\">http://snomed.info/sct</a> where concept  is-a  438951008</li><li>Exclude codes from <a href=\"http://build.fhir.org/codesystem-snomedct.html\">http://snomed.info/sct</a> where concept  is-a  312412007</li><li>Exclude codes from <a href=\"http://build.fhir.org/codesystem-snomedct.html\">http://snomed.info/sct</a> where concept  is-a  312413002</li><li>Exclude codes from <a href=\"http://build.fhir.org/codesystem-snomedct.html\">http://snomed.info/sct</a> where concept  is-a  312417001</li></ul></div>"
  },
  "url": "http://hl7.org/fhir/us/core/ValueSet/us-core-substance-sct",
  "identifier": [
    {
      "system": "urn:ietf:rfc:3986",
      "value": "urn:oid:2.16.840.1.113762.1.4.1010.9"
    }
  ],
  "name": "US Core SNOMED CT Substances Other Than Clinical Drugs",
  "status": "draft",
  "publisher": "FHIR Project team",
  "contact": [
    {
      "telecom": [
        {
          "system": "other",
          "value": "http://hl7.org/fhir"
        }
      ]
    }
  ],
  "date": "2016-11-07T16:59:40-08:00",
  "description": "SNOMED CT Substance concepts Other Than Clinical Drug Substances that are not represented by RXNORM  drug concepts or FDA UNII substance concepts. This value set is meant to be quite broad and includes many substances that may never be prescribed or be a reactant. It does not remove all overlap with RXNORM and UNII; for those concepts, the alternative code system should be chosen.",
  "copyright": "This value set includes content from SNOMED CT, which is copyright © 2002+ International Health Terminology Standards Development Organisation (IHTSDO), and distributed by agreement between IHTSDO and HL7. Implementer use of SNOMED CT is not covered by this agreement.",
  "compose": {
    "include": [
      {
        "system": "http://snomed.info/sct",
        "filter": [
          {
            "property": "concept",
            "op": "is-a",
            "value": "105590001"
          }
        ]
      }
    ],
    "exclude": [
      {
        "system": "http://snomed.info/sct",
        "filter": [
          {
            "property": "concept",
            "op": "is-a",
            "value": "410942007"
          }
        ]
      },
      {
        "system": "http://snomed.info/sct",
        "filter": [
          {
            "property": "concept",
            "op": "is-a",
            "value": "438951008"
          }
        ]
      },
      {
        "system": "http://snomed.info/sct",
        "filter": [
          {
            "property": "concept",
            "op": "is-a",
            "value": "312412007"
          }
        ]
      },
      {
        "system": "http://snomed.info/sct",
        "filter": [
          {
            "property": "concept",
            "op": "is-a",
            "value": "312413002"
          }
        ]
      },
      {
        "system": "http://snomed.info/sct",
        "filter": [
          {
            "property": "concept",
            "op": "is-a",
            "value": "312417001"
          }
        ]
      }
    ]
  }
}