{"resourceType":"ImplementationGuide","id":"CCDA-on-FHIR","text":{"status":"generated","div":"<div xmlns=\"http://www.w3.org/1999/xhtml\"><h2>C-CDA on FHIR</h2><p>The official URL for this implementation guide is: </p><pre>http://hl7.org/fhir/us/ccda/ImplementationGuide/CCDA-on-FHIR</pre></div>"},"url":"http://hl7.org/fhir/us/ccda/ImplementationGuide/CCDA-on-FHIR","name":"C-CDA on FHIR","status":"draft","package":[{"name":"Profiles in this Implementation Guide","resource":[{"extension":[{"url":"http://hl7.org/fhir/StructureDefinition/implementationguide-page","valueUri":"StructureDefinition-CCDA-on-FHIR-Consent.html"}],"example":false,"sourceReference":{"reference":"StructureDefinition/CCDA-on-FHIR-Consent","display":"C-CDA on FHIR Consent"}},{"extension":[{"url":"http://hl7.org/fhir/StructureDefinition/implementationguide-page","valueUri":"StructureDefinition-CCDA-on-FHIR-Authorization.html"}],"example":false,"sourceReference":{"reference":"StructureDefinition/CCDA-on-FHIR-Authorization","display":"C-CDA on FHIR Authorization"}},{"extension":[{"url":"http://hl7.org/fhir/StructureDefinition/implementationguide-page","valueUri":"StructureDefinition-CCDA-on-FHIR-Data-Enterer.html"}],"example":false,"sourceReference":{"reference":"StructureDefinition/CCDA-on-FHIR-Data-Enterer","display":"C-CDA on FHIR Data Enterer"}},{"extension":[{"url":"http://hl7.org/fhir/StructureDefinition/implementationguide-page","valueUri":"StructureDefinition-CCDA-on-FHIR-In-Fulfillment-Of-Order.html"}],"example":false,"sourceReference":{"reference":"StructureDefinition/CCDA-on-FHIR-In-Fulfillment-Of-Order","display":"C-CDA on FHIR In Fulfillment Of Order"}},{"extension":[{"url":"http://hl7.org/fhir/StructureDefinition/implementationguide-page","valueUri":"StructureDefinition-CCDA-on-FHIR-Informant.html"}],"example":false,"sourceReference":{"reference":"StructureDefinition/CCDA-on-FHIR-Informant","display":"C-CDA on FHIR Informant"}},{"extension":[{"url":"http://hl7.org/fhir/StructureDefinition/implementationguide-page","valueUri":"StructureDefinition-CCDA-on-FHIR-Information-Recipient.html"}],"example":false,"sourceReference":{"reference":"StructureDefinition/CCDA-on-FHIR-Information-Recipient","display":"C-CDA on FHIR Information Recipient"}},{"extension":[{"url":"http://hl7.org/fhir/StructureDefinition/implementationguide-page","valueUri":"StructureDefinition-CCDA-on-FHIR-Participant.html"}],"example":false,"sourceReference":{"reference":"StructureDefinition/CCDA-on-FHIR-Participant","display":"C-CDA on FHIR Participant"}},{"extension":[{"url":"http://hl7.org/fhir/StructureDefinition/implementationguide-page","valueUri":"StructureDefinition-CCDA-on-FHIR-Performer.html"}],"example":false,"sourceReference":{"reference":"StructureDefinition/CCDA-on-FHIR-Performer","display":"C-CDA on FHIR Performer"}},{"extension":[{"url":"http://hl7.org/fhir/StructureDefinition/implementationguide-page","valueUri":"StructureDefinition-CCDA-on-FHIR-VersionNumber.html"}],"example":false,"sourceReference":{"reference":"StructureDefinition/CCDA-on-FHIR-VersionNumber","display":"CCDA-on-FHIR-VersionNumber"}},{"extension":[{"url":"http://hl7.org/fhir/StructureDefinition/implementationguide-page","valueUri":"StructureDefinition-CCDA-on-FHIR-US-Realm-Header.html"}],"example":false,"sourceReference":{"reference":"StructureDefinition/CCDA-on-FHIR-US-Realm-Header","display":"C-CDA on FHIR US Realm Header"}},{"extension":[{"url":"http://hl7.org/fhir/StructureDefinition/implementationguide-page","valueUri":"StructureDefinition-CCDA-on-FHIR-Care-Plan.html"}],"example":false,"sourceReference":{"reference":"StructureDefinition/CCDA-on-FHIR-Care-Plan","display":"C-CDA on FHIR Care Plan"}},{"extension":[{"url":"http://hl7.org/fhir/StructureDefinition/implementationguide-page","valueUri":"StructureDefinition-CCDA-on-FHIR-Consultation-Note.html"}],"example":false,"sourceReference":{"reference":"StructureDefinition/CCDA-on-FHIR-Consultation-Note","display":"C-CDA on FHIR Consultation Note"}},{"extension":[{"url":"http://hl7.org/fhir/StructureDefinition/implementationguide-page","valueUri":"StructureDefinition-CCDA-on-FHIR-Continuity-of-Care-Document.html"}],"example":false,"sourceReference":{"reference":"StructureDefinition/CCDA-on-FHIR-Continuity-of-Care-Document","display":"C-CDA on FHIR Continuity of Care Document"}},{"extension":[{"url":"http://hl7.org/fhir/StructureDefinition/implementationguide-page","valueUri":"StructureDefinition-CCDA-on-FHIR-Diagnostic-Imaging-Report.html"}],"example":false,"sourceReference":{"reference":"StructureDefinition/CCDA-on-FHIR-Diagnostic-Imaging-Report","display":"C-CDA on FHIR Diagnostic Imaging Report"}},{"extension":[{"url":"http://hl7.org/fhir/StructureDefinition/implementationguide-page","valueUri":"StructureDefinition-CCDA-on-FHIR-Discharge-Summary.html"}],"example":false,"sourceReference":{"reference":"StructureDefinition/CCDA-on-FHIR-Discharge-Summary","display":"C-CDA on FHIR Discharge Summary"}},{"extension":[{"url":"http://hl7.org/fhir/StructureDefinition/implementationguide-page","valueUri":"StructureDefinition-CCDA-on-FHIR-History-and-Physical.html"}],"example":false,"sourceReference":{"reference":"StructureDefinition/CCDA-on-FHIR-History-and-Physical","display":"C-CDA on FHIR History and Physical"}},{"extension":[{"url":"http://hl7.org/fhir/StructureDefinition/implementationguide-page","valueUri":"StructureDefinition-CCDA-on-FHIR-Operative-Note.html"}],"example":false,"sourceReference":{"reference":"StructureDefinition/CCDA-on-FHIR-Operative-Note","display":"C-CDA on FHIR Operative Note"}},{"extension":[{"url":"http://hl7.org/fhir/StructureDefinition/implementationguide-page","valueUri":"StructureDefinition-CCDA-on-FHIR-Procedure-Note.html"}],"example":false,"sourceReference":{"reference":"StructureDefinition/CCDA-on-FHIR-Procedure-Note","display":"C-CDA on FHIR Procedure Note"}},{"extension":[{"url":"http://hl7.org/fhir/StructureDefinition/implementationguide-page","valueUri":"StructureDefinition-CCDA-on-FHIR-Progress-Note.html"}],"example":false,"sourceReference":{"reference":"StructureDefinition/CCDA-on-FHIR-Progress-Note","display":"C-CDA on FHIR Progress Note"}},{"extension":[{"url":"http://hl7.org/fhir/StructureDefinition/implementationguide-page","valueUri":"StructureDefinition-CCDA-on-FHIR-Referral-Note.html"}],"example":false,"sourceReference":{"reference":"StructureDefinition/CCDA-on-FHIR-Referral-Note","display":"C-CDA on FHIR Referral Note"}},{"extension":[{"url":"http://hl7.org/fhir/StructureDefinition/implementationguide-page","valueUri":"StructureDefinition-CCDA-on-FHIR-Transfer-Summary.html"}],"example":false,"sourceReference":{"reference":"StructureDefinition/CCDA-on-FHIR-Transfer-Summary","display":"C-CDA on FHIR Transfer Summary"}},{"extension":[{"url":"http://hl7.org/fhir/StructureDefinition/implementationguide-page","valueUri":"ValueSet-2.16.840.1.113883.11.20.9.31.html"}],"example":false,"sourceReference":{"reference":"ValueSet/2.16.840.1.113883.11.20.9.31","display":"ConsultDocumentType"}},{"extension":[{"url":"http://hl7.org/fhir/StructureDefinition/implementationguide-page","valueUri":"ValueSet-1.3.6.1.4.1.12009.10.2.5.html"}],"example":false,"sourceReference":{"reference":"ValueSet/1.3.6.1.4.1.12009.10.2.5","display":"LOINC Imaging Document Codes"}},{"extension":[{"url":"http://hl7.org/fhir/StructureDefinition/implementationguide-page","valueUri":"ValueSet-2.16.840.1.113883.11.20.9.59.html"}],"example":false,"sourceReference":{"reference":"ValueSet/2.16.840.1.113883.11.20.9.59","display":"DIRSectionTypeCodes"}},{"extension":[{"url":"http://hl7.org/fhir/StructureDefinition/implementationguide-page","valueUri":"ValueSet-2.16.840.1.113883.11.20.4.1.html"}],"example":false,"sourceReference":{"reference":"ValueSet/2.16.840.1.113883.11.20.4.1","display":"DischargeSummaryDocumentTypeCode"}},{"extension":[{"url":"http://hl7.org/fhir/StructureDefinition/implementationguide-page","valueUri":"ValueSet-2.16.840.1.113883.1.11.20.22.html"}],"example":false,"sourceReference":{"reference":"ValueSet/2.16.840.1.113883.1.11.20.22","display":"HPDocumentType"}},{"extension":[{"url":"http://hl7.org/fhir/StructureDefinition/implementationguide-page","valueUri":"ValueSet-2.16.840.1.113883.11.20.1.1.html"}],"example":false,"sourceReference":{"reference":"ValueSet/2.16.840.1.113883.11.20.1.1","display":"SurgicalOperationNoteDocumentTypeCode"}},{"extension":[{"url":"http://hl7.org/fhir/StructureDefinition/implementationguide-page","valueUri":"ValueSet-2.16.840.1.113883.11.20.6.1.html"}],"example":false,"sourceReference":{"reference":"ValueSet/2.16.840.1.113883.11.20.6.1","display":"ProcedureNoteDocumentTypeCodes"}},{"extension":[{"url":"http://hl7.org/fhir/StructureDefinition/implementationguide-page","valueUri":"ValueSet-2.16.840.1.113883.11.20.8.1.html"}],"example":false,"sourceReference":{"reference":"ValueSet/2.16.840.1.113883.11.20.8.1","display":"ProgressNoteDocumentTypeCode"}},{"extension":[{"url":"http://hl7.org/fhir/StructureDefinition/implementationguide-page","valueUri":"ValueSet-2.16.840.1.113883.1.11.20.2.3.html"}],"example":false,"sourceReference":{"reference":"ValueSet/2.16.840.1.113883.1.11.20.2.3","display":"ReferralDocumentType"}},{"extension":[{"url":"http://hl7.org/fhir/StructureDefinition/implementationguide-page","valueUri":"ValueSet-2.16.840.1.113883.1.11.20.2.4.html"}],"example":false,"sourceReference":{"reference":"ValueSet/2.16.840.1.113883.1.11.20.2.4","display":"TransferDocumentType"}},{"extension":[{"url":"http://hl7.org/fhir/StructureDefinition/implementationguide-page","valueUri":"ValueSet-care-plan-document-type.html"}],"example":false,"sourceReference":{"reference":"ValueSet/care-plan-document-type","display":"CarePlanDocumentType"}},{"extension":[{"url":"http://hl7.org/fhir/StructureDefinition/implementationguide-page","valueUri":"Patient-patient-1.html"}],"example":true,"sourceReference":{"reference":"Patient/patient-1","display":"patient-1.xml"}},{"extension":[{"url":"http://hl7.org/fhir/StructureDefinition/implementationguide-page","valueUri":"Practitioner-practitioner-1.html"}],"example":true,"sourceReference":{"reference":"Practitioner/practitioner-1","display":"practitioner-1.xml"}},{"extension":[{"url":"http://hl7.org/fhir/StructureDefinition/implementationguide-page","valueUri":"RelatedPerson-related-person.html"}],"example":true,"sourceReference":{"reference":"RelatedPerson/related-person","display":"related-person.xml"}},{"extension":[{"url":"http://hl7.org/fhir/StructureDefinition/implementationguide-page","valueUri":"Organization-organization-1.html"}],"example":true,"sourceReference":{"reference":"Organization/organization-1","display":"Acme Labs"}},{"extension":[{"url":"http://hl7.org/fhir/StructureDefinition/implementationguide-page","valueUri":"AllergyIntolerance-allergy-intolerance.html"}],"example":true,"sourceReference":{"reference":"AllergyIntolerance/allergy-intolerance","display":"allergy-intolerance.xml"}},{"extension":[{"url":"http://hl7.org/fhir/StructureDefinition/implementationguide-page","valueUri":"Condition-condition-problem.html"}],"example":true,"sourceReference":{"reference":"Condition/condition-problem","display":"condition-problem.xml"}},{"extension":[{"url":"http://hl7.org/fhir/StructureDefinition/implementationguide-page","valueUri":"Immunization-immunization.html"}],"example":true,"sourceReference":{"reference":"Immunization/immunization","display":"immunization.xml"}},{"extension":[{"url":"http://hl7.org/fhir/StructureDefinition/implementationguide-page","valueUri":"MedicationStatement-medication-statement.html"}],"example":true,"sourceReference":{"reference":"MedicationStatement/medication-statement","display":"medication-statement.xml"}},{"extension":[{"url":"http://hl7.org/fhir/StructureDefinition/implementationguide-page","valueUri":"Observation-observation-lab-urine.html"}],"example":true,"sourceReference":{"reference":"Observation/observation-lab-urine","display":"observation-lab-urine.xml"}},{"extension":[{"url":"http://hl7.org/fhir/StructureDefinition/implementationguide-page","valueUri":"Observation-observation-smoker.html"}],"example":true,"sourceReference":{"reference":"Observation/observation-smoker","display":"observation-smoker.xml"}},{"extension":[{"url":"http://hl7.org/fhir/StructureDefinition/implementationguide-page","valueUri":"Observation-observation-vitals-temp.html"}],"example":true,"sourceReference":{"reference":"Observation/observation-vitals-temp","display":"observation-vitals-temp.xml"}},{"extension":[{"url":"http://hl7.org/fhir/StructureDefinition/implementationguide-page","valueUri":"Procedure-procedure-rehab.html"}],"example":true,"sourceReference":{"reference":"Procedure/procedure-rehab","display":"procedure-rehab.xml"}},{"extension":[{"url":"http://hl7.org/fhir/StructureDefinition/implementationguide-page","valueUri":"Composition-CCDA-on-FHIR-Care-Plan-Example.html"}],"example":true,"sourceReference":{"reference":"Composition/CCDA-on-FHIR-Care-Plan-Example","display":"C-CDA_on_FHIR_Care_Plan_Example"},"exampleFor":{"reference":"StructureDefinition/CCDA-on-FHIR-Care-Plan","display":"C-CDA on FHIR Care Plan"}},{"extension":[{"url":"http://hl7.org/fhir/StructureDefinition/implementationguide-page","valueUri":"Composition-CCDA-on-FHIR-Consultation-Note-Example.html"}],"example":true,"sourceReference":{"reference":"Composition/CCDA-on-FHIR-Consultation-Note-Example","display":"C-CDA_on_FHIR_Consultation_Note_Example"},"exampleFor":{"reference":"StructureDefinition/CCDA-on-FHIR-Consultation-Note","display":"C-CDA on FHIR Consultation Note"}},{"extension":[{"url":"http://hl7.org/fhir/StructureDefinition/implementationguide-page","valueUri":"Composition-CCDA-on-FHIR-Continuity-of-Care-Document-Example.html"}],"example":true,"sourceReference":{"reference":"Composition/CCDA-on-FHIR-Continuity-of-Care-Document-Example","display":"C-CDA_on_FHIR_Continuity_of_Care_Document_Example"},"exampleFor":{"reference":"StructureDefinition/CCDA-on-FHIR-Continuity-of-Care-Document","display":"C-CDA on FHIR Continuity of Care Document"}},{"extension":[{"url":"http://hl7.org/fhir/StructureDefinition/implementationguide-page","valueUri":"Composition-CCDA-on-FHIR-Diagnostic-Imaging-Report-Example.html"}],"example":true,"sourceReference":{"reference":"Composition/CCDA-on-FHIR-Diagnostic-Imaging-Report-Example","display":"C-CDA_on_FHIR_Diagnostic_Imaging_Report_Example"},"exampleFor":{"reference":"StructureDefinition/CCDA-on-FHIR-Diagnostic-Imaging-Report","display":"C-CDA on FHIR Diagnostic Imaging Report"}},{"extension":[{"url":"http://hl7.org/fhir/StructureDefinition/implementationguide-page","valueUri":"Composition-CCDA-on-FHIR-Discharge-Summary-Example.html"}],"example":true,"sourceReference":{"reference":"Composition/CCDA-on-FHIR-Discharge-Summary-Example","display":"C-CDA_on_FHIR_Discharge_Summary_Example"},"exampleFor":{"reference":"StructureDefinition/CCDA-on-FHIR-Discharge-Summary","display":"C-CDA on FHIR Discharge Summary"}},{"extension":[{"url":"http://hl7.org/fhir/StructureDefinition/implementationguide-page","valueUri":"Composition-CCDA-on-FHIR-History-and-Physical-Example.html"}],"example":true,"sourceReference":{"reference":"Composition/CCDA-on-FHIR-History-and-Physical-Example","display":"C-CDA_on_FHIR_History_and_Physical_Example"},"exampleFor":{"reference":"StructureDefinition/CCDA-on-FHIR-History-and-Physical","display":"C-CDA on FHIR History and Physical"}},{"extension":[{"url":"http://hl7.org/fhir/StructureDefinition/implementationguide-page","valueUri":"Composition-CCDA-on-FHIR-Operative-Note-Example.html"}],"example":true,"sourceReference":{"reference":"Composition/CCDA-on-FHIR-Operative-Note-Example","display":"C-CDA_on_FHIR_Operative_Note_Example"},"exampleFor":{"reference":"StructureDefinition/CCDA-on-FHIR-Operative-Note","display":"C-CDA on FHIR Operative Note"}},{"extension":[{"url":"http://hl7.org/fhir/StructureDefinition/implementationguide-page","valueUri":"Composition-CCDA-on-FHIR-Procedure-Note-Example.html"}],"example":true,"sourceReference":{"reference":"Composition/CCDA-on-FHIR-Procedure-Note-Example","display":"C-CDA_on_FHIR_Procedure_Note_Example"},"exampleFor":{"reference":"StructureDefinition/CCDA-on-FHIR-Procedure-Note","display":"C-CDA on FHIR Procedure Note"}},{"extension":[{"url":"http://hl7.org/fhir/StructureDefinition/implementationguide-page","valueUri":"Composition-CCDA-on-FHIR-Progress-Note-Example.html"}],"example":true,"sourceReference":{"reference":"Composition/CCDA-on-FHIR-Progress-Note-Example","display":"C-CDA_on_FHIR_Progress_Note_Example"},"exampleFor":{"reference":"StructureDefinition/CCDA-on-FHIR-Progress-Note","display":"C-CDA on FHIR Progress Note"}},{"extension":[{"url":"http://hl7.org/fhir/StructureDefinition/implementationguide-page","valueUri":"Composition-CCDA-on-FHIR-Referral-Note-Example.html"}],"example":true,"sourceReference":{"reference":"Composition/CCDA-on-FHIR-Referral-Note-Example","display":"C-CDA_on_FHIR_Referral_Note_Example"},"exampleFor":{"reference":"StructureDefinition/CCDA-on-FHIR-Referral-Note","display":"C-CDA on FHIR Referral Note"}},{"extension":[{"url":"http://hl7.org/fhir/StructureDefinition/implementationguide-page","valueUri":"Composition-CCDA-on-FHIR-Transfer-Summary-Example.html"}],"example":true,"sourceReference":{"reference":"Composition/CCDA-on-FHIR-Transfer-Summary-Example","display":"CCDA-on-FHIR-Transfer-Summary-Example"},"exampleFor":{"reference":"StructureDefinition/CCDA-on-FHIR-Transfer-Summary","display":"C-CDA on FHIR Transfer Summary"}}]}],"page":{"source":"http://test.com/IG/View/2219","title":"C-CDA on FHIR","kind":"page"}}