{"resourceType":"ValueSet","id":"2.16.840.1.113883.11.20.9.31","text":{"status":"generated","div":"<div xmlns=\"http://www.w3.org/1999/xhtml\"><h3>Value Set Contents</h3><p>This value set contains 100 concepts</p><p>All codes from system <code>http://loinc.org</code></p><table class=\"codes\"><tr><td><b>Code</b></td><td><b>Display</b></td></tr><tr><td><a name=\"http---loinc.org-11488-4\"> </a><a href=\"http://details.loinc.org/LOINC/11488-4.html\">11488-4</a></td><td>Consult note</td></tr><tr><td><a name=\"http---loinc.org-34099-2\"> </a><a href=\"http://details.loinc.org/LOINC/34099-2.html\">34099-2</a></td><td>Cardiology Consult note</td></tr><tr><td><a name=\"http---loinc.org-34756-7\"> </a><a href=\"http://details.loinc.org/LOINC/34756-7.html\">34756-7</a></td><td>Dentistry Consult note</td></tr><tr><td><a name=\"http---loinc.org-34758-3\"> </a><a href=\"http://details.loinc.org/LOINC/34758-3.html\">34758-3</a></td><td>Dermatology Consult note</td></tr><tr><td><a name=\"http---loinc.org-34760-9\"> </a><a href=\"http://details.loinc.org/LOINC/34760-9.html\">34760-9</a></td><td>Diabetology Consult note</td></tr><tr><td><a name=\"http---loinc.org-34879-7\"> </a><a href=\"http://details.loinc.org/LOINC/34879-7.html\">34879-7</a></td><td>Endocrinology Consult note</td></tr><tr><td><a name=\"http---loinc.org-34761-7\"> </a><a href=\"http://details.loinc.org/LOINC/34761-7.html\">34761-7</a></td><td>Gastroenterology Consult note</td></tr><tr><td><a name=\"http---loinc.org-34764-1\"> </a><a href=\"http://details.loinc.org/LOINC/34764-1.html\">34764-1</a></td><td>General Medicine Consult note</td></tr><tr><td><a name=\"http---loinc.org-34776-5\"> </a><a href=\"http://details.loinc.org/LOINC/34776-5.html\">34776-5</a></td><td>Gerontology Consult note</td></tr><tr><td><a name=\"http---loinc.org-34779-9\"> </a><a href=\"http://details.loinc.org/LOINC/34779-9.html\">34779-9</a></td><td>Hematology + Medical Oncology Consult note</td></tr><tr><td><a name=\"http---loinc.org-34781-5\"> </a><a href=\"http://details.loinc.org/LOINC/34781-5.html\">34781-5</a></td><td>Infectious Disease Consult note</td></tr><tr><td><a name=\"http---loinc.org-72555-6\"> </a><a href=\"http://details.loinc.org/LOINC/72555-6.html\">72555-6</a></td><td>Interventional Radiology Consult note</td></tr><tr><td><a name=\"http---loinc.org-34783-1\"> </a><a href=\"http://details.loinc.org/LOINC/34783-1.html\">34783-1</a></td><td>Kinesiotherapy Consult note</td></tr><tr><td><a name=\"http---loinc.org-34785-6\"> </a><a href=\"http://details.loinc.org/LOINC/34785-6.html\">34785-6</a></td><td>Mental Health Consult note</td></tr><tr><td><a name=\"http---loinc.org-34795-5\"> </a><a href=\"http://details.loinc.org/LOINC/34795-5.html\">34795-5</a></td><td>Nephrology Consult note</td></tr><tr><td><a name=\"http---loinc.org-34798-9\"> </a><a href=\"http://details.loinc.org/LOINC/34798-9.html\">34798-9</a></td><td>Neurological Surgery Consult note</td></tr><tr><td><a name=\"http---loinc.org-34797-1\"> </a><a href=\"http://details.loinc.org/LOINC/34797-1.html\">34797-1</a></td><td>Neurology Consult note</td></tr><tr><td><a name=\"http---loinc.org-34800-3\"> </a><a href=\"http://details.loinc.org/LOINC/34800-3.html\">34800-3</a></td><td>Nutrition and Dietetics Consult note</td></tr><tr><td><a name=\"http---loinc.org-34777-3\"> </a><a href=\"http://details.loinc.org/LOINC/34777-3.html\">34777-3</a></td><td>Obstetrics and Gynecology Consult note</td></tr><tr><td><a name=\"http---loinc.org-34803-7\"> </a><a href=\"http://details.loinc.org/LOINC/34803-7.html\">34803-7</a></td><td>Occupational Health Consult note</td></tr><tr><td><a name=\"http---loinc.org-34855-7\"> </a><a href=\"http://details.loinc.org/LOINC/34855-7.html\">34855-7</a></td><td>Occupational Therapy Consult note</td></tr><tr><td><a name=\"http---loinc.org-34805-2\"> </a><a href=\"http://details.loinc.org/LOINC/34805-2.html\">34805-2</a></td><td>Oncology Consult note</td></tr><tr><td><a name=\"http---loinc.org-34807-8\"> </a><a href=\"http://details.loinc.org/LOINC/34807-8.html\">34807-8</a></td><td>Ophthalmology Consult note</td></tr><tr><td><a name=\"http---loinc.org-34810-2\"> </a><a href=\"http://details.loinc.org/LOINC/34810-2.html\">34810-2</a></td><td>Optometry Consult note</td></tr><tr><td><a name=\"http---loinc.org-34812-8\"> </a><a href=\"http://details.loinc.org/LOINC/34812-8.html\">34812-8</a></td><td>Oromaxillofacial Surgery Consult note</td></tr><tr><td><a name=\"http---loinc.org-34814-4\"> </a><a href=\"http://details.loinc.org/LOINC/34814-4.html\">34814-4</a></td><td>Orthopedics Consult note</td></tr><tr><td><a name=\"http---loinc.org-34816-9\"> </a><a href=\"http://details.loinc.org/LOINC/34816-9.html\">34816-9</a></td><td>Otorhinolaryngology Consult note</td></tr><tr><td><a name=\"http---loinc.org-60570-9\"> </a><a href=\"http://details.loinc.org/LOINC/60570-9.html\">60570-9</a></td><td>Pathology Consult note</td></tr><tr><td><a name=\"http---loinc.org-34820-1\"> </a><a href=\"http://details.loinc.org/LOINC/34820-1.html\">34820-1</a></td><td>Pharmacy Consult note</td></tr><tr><td><a name=\"http---loinc.org-34822-7\"> </a><a href=\"http://details.loinc.org/LOINC/34822-7.html\">34822-7</a></td><td>Physical Medicine and Rehabilitation Consult note</td></tr><tr><td><a name=\"http---loinc.org-34824-3\"> </a><a href=\"http://details.loinc.org/LOINC/34824-3.html\">34824-3</a></td><td>Physical Therapy Consult note</td></tr><tr><td><a name=\"http---loinc.org-34826-8\"> </a><a href=\"http://details.loinc.org/LOINC/34826-8.html\">34826-8</a></td><td>Plastic Surgery Consult note</td></tr><tr><td><a name=\"http---loinc.org-34828-4\"> </a><a href=\"http://details.loinc.org/LOINC/34828-4.html\">34828-4</a></td><td>Podiatry Consult note</td></tr><tr><td><a name=\"http---loinc.org-34788-0\"> </a><a href=\"http://details.loinc.org/LOINC/34788-0.html\">34788-0</a></td><td>Psychiatry Consult note</td></tr><tr><td><a name=\"http---loinc.org-34791-4\"> </a><a href=\"http://details.loinc.org/LOINC/34791-4.html\">34791-4</a></td><td>Psychology Consult note</td></tr><tr><td><a name=\"http---loinc.org-34103-2\"> </a><a href=\"http://details.loinc.org/LOINC/34103-2.html\">34103-2</a></td><td>Pulmonary Consult note</td></tr><tr><td><a name=\"http---loinc.org-34831-8\"> </a><a href=\"http://details.loinc.org/LOINC/34831-8.html\">34831-8</a></td><td>Radiation Oncology Consult note</td></tr><tr><td><a name=\"http---loinc.org-73575-3\"> </a><a href=\"http://details.loinc.org/LOINC/73575-3.html\">73575-3</a></td><td>Radiology Consult note</td></tr><tr><td><a name=\"http---loinc.org-34833-4\"> </a><a href=\"http://details.loinc.org/LOINC/34833-4.html\">34833-4</a></td><td>Recreational Therapy Consult note</td></tr><tr><td><a name=\"http---loinc.org-34835-9\"> </a><a href=\"http://details.loinc.org/LOINC/34835-9.html\">34835-9</a></td><td>Rehabilitation Consult note</td></tr><tr><td><a name=\"http---loinc.org-34837-5\"> </a><a href=\"http://details.loinc.org/LOINC/34837-5.html\">34837-5</a></td><td>Respiratory Therapy Consult note</td></tr><tr><td><a name=\"http---loinc.org-34839-1\"> </a><a href=\"http://details.loinc.org/LOINC/34839-1.html\">34839-1</a></td><td>Rheumatology Consult note</td></tr><tr><td><a name=\"http---loinc.org-34841-7\"> </a><a href=\"http://details.loinc.org/LOINC/34841-7.html\">34841-7</a></td><td>Social Work Consult note</td></tr><tr><td><a name=\"http---loinc.org-34845-8\"> </a><a href=\"http://details.loinc.org/LOINC/34845-8.html\">34845-8</a></td><td>Speech-language pathology+Audiology Consult note</td></tr><tr><td><a name=\"http---loinc.org-34847-4\"> </a><a href=\"http://details.loinc.org/LOINC/34847-4.html\">34847-4</a></td><td>Surgery Consult note</td></tr><tr><td><a name=\"http---loinc.org-34849-0\"> </a><a href=\"http://details.loinc.org/LOINC/34849-0.html\">34849-0</a></td><td>Thoracic surgery Consult note</td></tr><tr><td><a name=\"http---loinc.org-34851-6\"> </a><a href=\"http://details.loinc.org/LOINC/34851-6.html\">34851-6</a></td><td>Urology Consult note</td></tr><tr><td><a name=\"http---loinc.org-34853-2\"> </a><a href=\"http://details.loinc.org/LOINC/34853-2.html\">34853-2</a></td><td>Vascular surgery Consult note</td></tr><tr><td><a name=\"http---loinc.org-51846-4\"> </a><a href=\"http://details.loinc.org/LOINC/51846-4.html\">51846-4</a></td><td>Emergency department Consult note</td></tr><tr><td><a name=\"http---loinc.org-34104-0\"> </a><a href=\"http://details.loinc.org/LOINC/34104-0.html\">34104-0</a></td><td>Hospital Consult note</td></tr><tr><td><a name=\"http---loinc.org-68619-6\"> </a><a href=\"http://details.loinc.org/LOINC/68619-6.html\">68619-6</a></td><td>Adolescent medicine Hospital Consult note</td></tr><tr><td><a name=\"http---loinc.org-68633-7\"> </a><a href=\"http://details.loinc.org/LOINC/68633-7.html\">68633-7</a></td><td>Allergy and immunology Hospital Consult note</td></tr><tr><td><a name=\"http---loinc.org-68639-4\"> </a><a href=\"http://details.loinc.org/LOINC/68639-4.html\">68639-4</a></td><td>Audiology Hospital Consult note</td></tr><tr><td><a name=\"http---loinc.org-68486-0\"> </a><a href=\"http://details.loinc.org/LOINC/68486-0.html\">68486-0</a></td><td>Cardiovascular disease.medical student Hospital Consult note</td></tr><tr><td><a name=\"http---loinc.org-68648-5\"> </a><a href=\"http://details.loinc.org/LOINC/68648-5.html\">68648-5</a></td><td>Child and adolescent psychiatry Hospital Consult note</td></tr><tr><td><a name=\"http---loinc.org-68651-9\"> </a><a href=\"http://details.loinc.org/LOINC/68651-9.html\">68651-9</a></td><td>Clinical biochemical genetics Hospital Consult note</td></tr><tr><td><a name=\"http---loinc.org-68661-8\"> </a><a href=\"http://details.loinc.org/LOINC/68661-8.html\">68661-8</a></td><td>Clinical genetics Hospital Consult note</td></tr><tr><td><a name=\"http---loinc.org-64072-2\"> </a><a href=\"http://details.loinc.org/LOINC/64072-2.html\">64072-2</a></td><td>Critical care medicine.medical student Hospital Consult note</td></tr><tr><td><a name=\"http---loinc.org-68551-1\"> </a><a href=\"http://details.loinc.org/LOINC/68551-1.html\">68551-1</a></td><td>Dermatology Hospital Consult note</td></tr><tr><td><a name=\"http---loinc.org-68670-9\"> </a><a href=\"http://details.loinc.org/LOINC/68670-9.html\">68670-9</a></td><td>Developmental-behavioral pediatrics Hospital Consult note</td></tr><tr><td><a name=\"http---loinc.org-64056-5\"> </a><a href=\"http://details.loinc.org/LOINC/64056-5.html\">64056-5</a></td><td>General medicine.medical student Hospital Consult note</td></tr><tr><td><a name=\"http---loinc.org-68681-6\"> </a><a href=\"http://details.loinc.org/LOINC/68681-6.html\">68681-6</a></td><td>Multi-specialty program Hospital Consult note</td></tr><tr><td><a name=\"http---loinc.org-68685-7\"> </a><a href=\"http://details.loinc.org/LOINC/68685-7.html\">68685-7</a></td><td>Neonatal perinatal medicine Hospital Consult note</td></tr><tr><td><a name=\"http---loinc.org-68694-9\"> </a><a href=\"http://details.loinc.org/LOINC/68694-9.html\">68694-9</a></td><td>Neurological surgery Hospital Consult note</td></tr><tr><td><a name=\"http---loinc.org-68705-3\"> </a><a href=\"http://details.loinc.org/LOINC/68705-3.html\">68705-3</a></td><td>Neurology with special qualifications in child neurology Hospital Consult note</td></tr><tr><td><a name=\"http---loinc.org-68566-9\"> </a><a href=\"http://details.loinc.org/LOINC/68566-9.html\">68566-9</a></td><td>Obstetrics and Gynecology Hospital Consult note</td></tr><tr><td><a name=\"http---loinc.org-68570-1\"> </a><a href=\"http://details.loinc.org/LOINC/68570-1.html\">68570-1</a></td><td>Occupational therapy Hospital Consult note</td></tr><tr><td><a name=\"http---loinc.org-68575-0\"> </a><a href=\"http://details.loinc.org/LOINC/68575-0.html\">68575-0</a></td><td>Ophthalmology Hospital Consult note</td></tr><tr><td><a name=\"http---loinc.org-68584-2\"> </a><a href=\"http://details.loinc.org/LOINC/68584-2.html\">68584-2</a></td><td>Orthopedic surgery Hospital Consult note</td></tr><tr><td><a name=\"http---loinc.org-68716-0\"> </a><a href=\"http://details.loinc.org/LOINC/68716-0.html\">68716-0</a></td><td>Pain medicine Hospital Consult note</td></tr><tr><td><a name=\"http---loinc.org-68469-6\"> </a><a href=\"http://details.loinc.org/LOINC/68469-6.html\">68469-6</a></td><td>Pastoral care Hospital Consult note</td></tr><tr><td><a name=\"http---loinc.org-68727-7\"> </a><a href=\"http://details.loinc.org/LOINC/68727-7.html\">68727-7</a></td><td>Pediatric cardiology Hospital Consult note</td></tr><tr><td><a name=\"http---loinc.org-68892-9\"> </a><a href=\"http://details.loinc.org/LOINC/68892-9.html\">68892-9</a></td><td>Pediatric dermatology Hospital Consult note</td></tr><tr><td><a name=\"http---loinc.org-68897-8\"> </a><a href=\"http://details.loinc.org/LOINC/68897-8.html\">68897-8</a></td><td>Pediatric endocrinology Hospital Consult note</td></tr><tr><td><a name=\"http---loinc.org-68746-7\"> </a><a href=\"http://details.loinc.org/LOINC/68746-7.html\">68746-7</a></td><td>Pediatric gastroenterology Hospital Consult note</td></tr><tr><td><a name=\"http---loinc.org-68757-4\"> </a><a href=\"http://details.loinc.org/LOINC/68757-4.html\">68757-4</a></td><td>Pediatric hematology-oncology Hospital Consult note</td></tr><tr><td><a name=\"http---loinc.org-68765-7\"> </a><a href=\"http://details.loinc.org/LOINC/68765-7.html\">68765-7</a></td><td>Pediatric infectious diseases Hospital Consult note</td></tr><tr><td><a name=\"http---loinc.org-68869-7\"> </a><a href=\"http://details.loinc.org/LOINC/68869-7.html\">68869-7</a></td><td>Pediatric nephrology Hospital Consult note</td></tr><tr><td><a name=\"http---loinc.org-68874-7\"> </a><a href=\"http://details.loinc.org/LOINC/68874-7.html\">68874-7</a></td><td>Pediatric otolaryngology Hospital Consult note</td></tr><tr><td><a name=\"http---loinc.org-68787-1\"> </a><a href=\"http://details.loinc.org/LOINC/68787-1.html\">68787-1</a></td><td>Pediatric pulmonology Hospital Consult note</td></tr><tr><td><a name=\"http---loinc.org-68879-6\"> </a><a href=\"http://details.loinc.org/LOINC/68879-6.html\">68879-6</a></td><td>Pediatric rheumatology Hospital Consult note</td></tr><tr><td><a name=\"http---loinc.org-68802-8\"> </a><a href=\"http://details.loinc.org/LOINC/68802-8.html\">68802-8</a></td><td>Pediatric surgery Hospital Consult note</td></tr><tr><td><a name=\"http---loinc.org-68864-8\"> </a><a href=\"http://details.loinc.org/LOINC/68864-8.html\">68864-8</a></td><td>Pediatric transplant hepatology Hospital Consult note</td></tr><tr><td><a name=\"http---loinc.org-68812-7\"> </a><a href=\"http://details.loinc.org/LOINC/68812-7.html\">68812-7</a></td><td>Pediatric urology Hospital Consult note</td></tr><tr><td><a name=\"http---loinc.org-68821-8\"> </a><a href=\"http://details.loinc.org/LOINC/68821-8.html\">68821-8</a></td><td>Pediatrics Hospital Consult note</td></tr><tr><td><a name=\"http---loinc.org-68586-7\"> </a><a href=\"http://details.loinc.org/LOINC/68586-7.html\">68586-7</a></td><td>Pharmacy Hospital Consult note</td></tr><tr><td><a name=\"http---loinc.org-68590-9\"> </a><a href=\"http://details.loinc.org/LOINC/68590-9.html\">68590-9</a></td><td>Physical therapy Hospital Consult note</td></tr><tr><td><a name=\"http---loinc.org-68597-4\"> </a><a href=\"http://details.loinc.org/LOINC/68597-4.html\">68597-4</a></td><td>Plastic surgery Hospital Consult note</td></tr><tr><td><a name=\"http---loinc.org-68837-4\"> </a><a href=\"http://details.loinc.org/LOINC/68837-4.html\">68837-4</a></td><td>Primary care Hospital Consult note</td></tr><tr><td><a name=\"http---loinc.org-34102-4\"> </a><a href=\"http://details.loinc.org/LOINC/34102-4.html\">34102-4</a></td><td>Psychiatry Hospital Consult note</td></tr><tr><td><a name=\"http---loinc.org-64080-5\"> </a><a href=\"http://details.loinc.org/LOINC/64080-5.html\">64080-5</a></td><td>Pulmonary disease.medical student Hospital Consult note</td></tr><tr><td><a name=\"http---loinc.org-68846-5\"> </a><a href=\"http://details.loinc.org/LOINC/68846-5.html\">68846-5</a></td><td>Speech-language pathology Hospital Consult note</td></tr><tr><td><a name=\"http---loinc.org-64068-0\"> </a><a href=\"http://details.loinc.org/LOINC/64068-0.html\">64068-0</a></td><td>Surgery medical student Hospital Consult note</td></tr><tr><td><a name=\"http---loinc.org-64076-3\"> </a><a href=\"http://details.loinc.org/LOINC/64076-3.html\">64076-3</a></td><td>Thoracic surgery.medical student Hospital Consult note</td></tr><tr><td><a name=\"http---loinc.org-68852-3\"> </a><a href=\"http://details.loinc.org/LOINC/68852-3.html\">68852-3</a></td><td>Transplant surgery Hospital Consult note</td></tr><tr><td><a name=\"http---loinc.org-34100-8\"> </a><a href=\"http://details.loinc.org/LOINC/34100-8.html\">34100-8</a></td><td>Intensive care unit Consult note</td></tr><tr><td><a name=\"http---loinc.org-51854-8\"> </a><a href=\"http://details.loinc.org/LOINC/51854-8.html\">51854-8</a></td><td>Long term care facility Consult note</td></tr><tr><td><a name=\"http---loinc.org-51845-6\"> </a><a href=\"http://details.loinc.org/LOINC/51845-6.html\">51845-6</a></td><td>Outpatient Consult note</td></tr><tr><td><a name=\"http---loinc.org-34749-2\"> </a><a href=\"http://details.loinc.org/LOINC/34749-2.html\">34749-2</a></td><td>Anesthesiology Outpatient Consult note</td></tr><tr><td><a name=\"http---loinc.org-34101-6\"> </a><a href=\"http://details.loinc.org/LOINC/34101-6.html\">34101-6</a></td><td>General medicine Outpatient Consult note</td></tr></table></div>"},"url":"http://hl7.org/fhir/us/ccda/ValueSet/2.16.840.1.113883.11.20.9.31","name":"ConsultDocumentType","status":"active","date":"2017-10-12T18:40:03+00:00","description":"Specific URL Pending","compose":{"include":[{"system":"http://loinc.org","concept":[{"code":"11488-4","display":"Consult note"},{"code":"34099-2","display":"Cardiology Consult note"},{"code":"34756-7","display":"Dentistry Consult note"},{"code":"34758-3","display":"Dermatology Consult note"},{"code":"34760-9","display":"Diabetology Consult note"},{"code":"34879-7","display":"Endocrinology Consult note"},{"code":"34761-7","display":"Gastroenterology Consult note"},{"code":"34764-1","display":"General Medicine Consult note"},{"code":"34776-5","display":"Gerontology Consult note"},{"code":"34779-9","display":"Hematology + Medical Oncology Consult note"},{"code":"34781-5","display":"Infectious Disease Consult note"},{"code":"72555-6","display":"Interventional Radiology Consult note"},{"code":"34783-1","display":"Kinesiotherapy Consult note"},{"code":"34785-6","display":"Mental Health Consult note"},{"code":"34795-5","display":"Nephrology Consult note"},{"code":"34798-9","display":"Neurological Surgery Consult note"},{"code":"34797-1","display":"Neurology Consult note"},{"code":"34800-3","display":"Nutrition and Dietetics Consult note"},{"code":"34777-3","display":"Obstetrics and Gynecology Consult note"},{"code":"34803-7","display":"Occupational Health Consult note"},{"code":"34855-7","display":"Occupational Therapy Consult note"},{"code":"34805-2","display":"Oncology Consult note"},{"code":"34807-8","display":"Ophthalmology Consult note"},{"code":"34810-2","display":"Optometry Consult note"},{"code":"34812-8","display":"Oromaxillofacial Surgery Consult note"},{"code":"34814-4","display":"Orthopedics Consult note"},{"code":"34816-9","display":"Otorhinolaryngology Consult note"},{"code":"60570-9","display":"Pathology Consult note"},{"code":"34820-1","display":"Pharmacy Consult note"},{"code":"34822-7","display":"Physical Medicine and Rehabilitation Consult note"},{"code":"34824-3","display":"Physical Therapy Consult note"},{"code":"34826-8","display":"Plastic Surgery Consult note"},{"code":"34828-4","display":"Podiatry Consult note"},{"code":"34788-0","display":"Psychiatry Consult note"},{"code":"34791-4","display":"Psychology Consult note"},{"code":"34103-2","display":"Pulmonary Consult note"},{"code":"34831-8","display":"Radiation Oncology Consult note"},{"code":"73575-3","display":"Radiology Consult note"},{"code":"34833-4","display":"Recreational Therapy Consult note"},{"code":"34835-9","display":"Rehabilitation Consult note"},{"code":"34837-5","display":"Respiratory Therapy Consult note"},{"code":"34839-1","display":"Rheumatology Consult note"},{"code":"34841-7","display":"Social Work Consult note"},{"code":"34845-8","display":"Speech-language pathology+Audiology Consult note"},{"code":"34847-4","display":"Surgery Consult note"},{"code":"34849-0","display":"Thoracic surgery Consult note"},{"code":"34851-6","display":"Urology Consult note"},{"code":"34853-2","display":"Vascular surgery Consult note"},{"code":"51846-4","display":"Emergency department Consult note"},{"code":"34104-0","display":"Hospital Consult note"},{"code":"68619-6","display":"Adolescent medicine Hospital Consult note"},{"code":"68633-7","display":"Allergy and immunology Hospital Consult note"},{"code":"68639-4","display":"Audiology Hospital Consult note"},{"code":"68486-0","display":"Cardiovascular disease.medical student Hospital Consult note"},{"code":"68648-5","display":"Child and adolescent psychiatry Hospital Consult note"},{"code":"68651-9","display":"Clinical biochemical genetics Hospital Consult note"},{"code":"68661-8","display":"Clinical genetics Hospital Consult note"},{"code":"64072-2","display":"Critical care medicine.medical student Hospital Consult note"},{"code":"68551-1","display":"Dermatology Hospital Consult note"},{"code":"68670-9","display":"Developmental-behavioral pediatrics Hospital Consult note"},{"code":"64056-5","display":"General medicine.medical student Hospital Consult note"},{"code":"68681-6","display":"Multi-specialty program Hospital Consult note"},{"code":"68685-7","display":"Neonatal perinatal medicine Hospital Consult note"},{"code":"68694-9","display":"Neurological surgery Hospital Consult note"},{"code":"68705-3","display":"Neurology with special qualifications in child neurology Hospital Consult note"},{"code":"68566-9","display":"Obstetrics and Gynecology Hospital Consult note"},{"code":"68570-1","display":"Occupational therapy Hospital Consult note"},{"code":"68575-0","display":"Ophthalmology Hospital Consult note"},{"code":"68584-2","display":"Orthopedic surgery Hospital Consult note"},{"code":"68716-0","display":"Pain medicine Hospital Consult note"},{"code":"68469-6","display":"Pastoral care Hospital Consult note"},{"code":"68727-7","display":"Pediatric cardiology Hospital Consult note"},{"code":"68892-9","display":"Pediatric dermatology Hospital Consult note"},{"code":"68897-8","display":"Pediatric endocrinology Hospital Consult note"},{"code":"68746-7","display":"Pediatric gastroenterology Hospital Consult note"},{"code":"68757-4","display":"Pediatric hematology-oncology Hospital Consult note"},{"code":"68765-7","display":"Pediatric infectious diseases Hospital Consult note"},{"code":"68869-7","display":"Pediatric nephrology Hospital Consult note"},{"code":"68874-7","display":"Pediatric otolaryngology Hospital Consult note"},{"code":"68787-1","display":"Pediatric pulmonology Hospital Consult note"},{"code":"68879-6","display":"Pediatric rheumatology Hospital Consult note"},{"code":"68802-8","display":"Pediatric surgery Hospital Consult note"},{"code":"68864-8","display":"Pediatric transplant hepatology Hospital Consult note"},{"code":"68812-7","display":"Pediatric urology Hospital Consult note"},{"code":"68821-8","display":"Pediatrics Hospital Consult note"},{"code":"68586-7","display":"Pharmacy Hospital Consult note"},{"code":"68590-9","display":"Physical therapy Hospital Consult note"},{"code":"68597-4","display":"Plastic surgery Hospital Consult note"},{"code":"68837-4","display":"Primary care Hospital Consult note"},{"code":"34102-4","display":"Psychiatry Hospital Consult note"},{"code":"64080-5","display":"Pulmonary disease.medical student Hospital Consult note"},{"code":"68846-5","display":"Speech-language pathology Hospital Consult note"},{"code":"64068-0","display":"Surgery medical student Hospital Consult note"},{"code":"64076-3","display":"Thoracic surgery.medical student Hospital Consult note"},{"code":"68852-3","display":"Transplant surgery Hospital Consult note"},{"code":"34100-8","display":"Intensive care unit Consult note"},{"code":"51854-8","display":"Long term care facility Consult note"},{"code":"51845-6","display":"Outpatient Consult note"},{"code":"34749-2","display":"Anesthesiology Outpatient Consult note"},{"code":"34101-6","display":"General medicine Outpatient Consult note"}]}]},"expansion":{"identifier":"urn:uuid:e1e61c24-a97e-49a3-b8d6-ef1235a66747","timestamp":"2017-07-13T09:33:07.6659253-04:00","contains":[{"system":"http://loinc.org","code":"11488-4","display":"Consult note"},{"system":"http://loinc.org","code":"34099-2","display":"Cardiology Consult note"},{"system":"http://loinc.org","code":"34756-7","display":"Dentistry Consult note"},{"system":"http://loinc.org","code":"34758-3","display":"Dermatology Consult note"},{"system":"http://loinc.org","code":"34760-9","display":"Diabetology Consult note"},{"system":"http://loinc.org","code":"34879-7","display":"Endocrinology Consult note"},{"system":"http://loinc.org","code":"34761-7","display":"Gastroenterology Consult note"},{"system":"http://loinc.org","code":"34764-1","display":"General Medicine Consult note"},{"system":"http://loinc.org","code":"34776-5","display":"Gerontology Consult note"},{"system":"http://loinc.org","code":"34779-9","display":"Hematology + Medical Oncology Consult note"},{"system":"http://loinc.org","code":"34781-5","display":"Infectious Disease Consult note"},{"system":"http://loinc.org","code":"72555-6","display":"Interventional Radiology Consult note"},{"system":"http://loinc.org","code":"34783-1","display":"Kinesiotherapy Consult note"},{"system":"http://loinc.org","code":"34785-6","display":"Mental Health Consult note"},{"system":"http://loinc.org","code":"34795-5","display":"Nephrology Consult note"},{"system":"http://loinc.org","code":"34798-9","display":"Neurological Surgery Consult note"},{"system":"http://loinc.org","code":"34797-1","display":"Neurology Consult note"},{"system":"http://loinc.org","code":"34800-3","display":"Nutrition and Dietetics Consult note"},{"system":"http://loinc.org","code":"34777-3","display":"Obstetrics and Gynecology Consult note"},{"system":"http://loinc.org","code":"34803-7","display":"Occupational Health Consult note"},{"system":"http://loinc.org","code":"34855-7","display":"Occupational Therapy Consult note"},{"system":"http://loinc.org","code":"34805-2","display":"Oncology Consult note"},{"system":"http://loinc.org","code":"34807-8","display":"Ophthalmology Consult note"},{"system":"http://loinc.org","code":"34810-2","display":"Optometry Consult note"},{"system":"http://loinc.org","code":"34812-8","display":"Oromaxillofacial Surgery Consult note"},{"system":"http://loinc.org","code":"34814-4","display":"Orthopedics Consult note"},{"system":"http://loinc.org","code":"34816-9","display":"Otorhinolaryngology Consult note"},{"system":"http://loinc.org","code":"60570-9","display":"Pathology Consult note"},{"system":"http://loinc.org","code":"34820-1","display":"Pharmacy Consult note"},{"system":"http://loinc.org","code":"34822-7","display":"Physical Medicine and Rehabilitation Consult note"},{"system":"http://loinc.org","code":"34824-3","display":"Physical Therapy Consult note"},{"system":"http://loinc.org","code":"34826-8","display":"Plastic Surgery Consult note"},{"system":"http://loinc.org","code":"34828-4","display":"Podiatry Consult note"},{"system":"http://loinc.org","code":"34788-0","display":"Psychiatry Consult note"},{"system":"http://loinc.org","code":"34791-4","display":"Psychology Consult note"},{"system":"http://loinc.org","code":"34103-2","display":"Pulmonary Consult note"},{"system":"http://loinc.org","code":"34831-8","display":"Radiation Oncology Consult note"},{"system":"http://loinc.org","code":"73575-3","display":"Radiology Consult note"},{"system":"http://loinc.org","code":"34833-4","display":"Recreational Therapy Consult note"},{"system":"http://loinc.org","code":"34835-9","display":"Rehabilitation Consult note"},{"system":"http://loinc.org","code":"34837-5","display":"Respiratory Therapy Consult note"},{"system":"http://loinc.org","code":"34839-1","display":"Rheumatology Consult note"},{"system":"http://loinc.org","code":"34841-7","display":"Social Work Consult note"},{"system":"http://loinc.org","code":"34845-8","display":"Speech-language pathology+Audiology Consult note"},{"system":"http://loinc.org","code":"34847-4","display":"Surgery Consult note"},{"system":"http://loinc.org","code":"34849-0","display":"Thoracic surgery Consult note"},{"system":"http://loinc.org","code":"34851-6","display":"Urology Consult note"},{"system":"http://loinc.org","code":"34853-2","display":"Vascular surgery Consult note"},{"system":"http://loinc.org","code":"51846-4","display":"Emergency department Consult note"},{"system":"http://loinc.org","code":"34104-0","display":"Hospital Consult note"},{"system":"http://loinc.org","code":"68619-6","display":"Adolescent medicine Hospital Consult note"},{"system":"http://loinc.org","code":"68633-7","display":"Allergy and immunology Hospital Consult note"},{"system":"http://loinc.org","code":"68639-4","display":"Audiology Hospital Consult note"},{"system":"http://loinc.org","code":"68486-0","display":"Cardiovascular disease.medical student Hospital Consult note"},{"system":"http://loinc.org","code":"68648-5","display":"Child and adolescent psychiatry Hospital Consult note"},{"system":"http://loinc.org","code":"68651-9","display":"Clinical biochemical genetics Hospital Consult note"},{"system":"http://loinc.org","code":"68661-8","display":"Clinical genetics Hospital Consult note"},{"system":"http://loinc.org","code":"64072-2","display":"Critical care medicine.medical student Hospital Consult note"},{"system":"http://loinc.org","code":"68551-1","display":"Dermatology Hospital Consult note"},{"system":"http://loinc.org","code":"68670-9","display":"Developmental-behavioral pediatrics Hospital Consult note"},{"system":"http://loinc.org","code":"64056-5","display":"General medicine.medical student Hospital Consult note"},{"system":"http://loinc.org","code":"68681-6","display":"Multi-specialty program Hospital Consult note"},{"system":"http://loinc.org","code":"68685-7","display":"Neonatal perinatal medicine Hospital Consult note"},{"system":"http://loinc.org","code":"68694-9","display":"Neurological surgery Hospital Consult note"},{"system":"http://loinc.org","code":"68705-3","display":"Neurology with special qualifications in child neurology Hospital Consult note"},{"system":"http://loinc.org","code":"68566-9","display":"Obstetrics and Gynecology Hospital Consult note"},{"system":"http://loinc.org","code":"68570-1","display":"Occupational therapy Hospital Consult note"},{"system":"http://loinc.org","code":"68575-0","display":"Ophthalmology Hospital Consult note"},{"system":"http://loinc.org","code":"68584-2","display":"Orthopedic surgery Hospital Consult note"},{"system":"http://loinc.org","code":"68716-0","display":"Pain medicine Hospital Consult note"},{"system":"http://loinc.org","code":"68469-6","display":"Pastoral care Hospital Consult note"},{"system":"http://loinc.org","code":"68727-7","display":"Pediatric cardiology Hospital Consult note"},{"system":"http://loinc.org","code":"68892-9","display":"Pediatric dermatology Hospital Consult note"},{"system":"http://loinc.org","code":"68897-8","display":"Pediatric endocrinology Hospital Consult note"},{"system":"http://loinc.org","code":"68746-7","display":"Pediatric gastroenterology Hospital Consult note"},{"system":"http://loinc.org","code":"68757-4","display":"Pediatric hematology-oncology Hospital Consult note"},{"system":"http://loinc.org","code":"68765-7","display":"Pediatric infectious diseases Hospital Consult note"},{"system":"http://loinc.org","code":"68869-7","display":"Pediatric nephrology Hospital Consult note"},{"system":"http://loinc.org","code":"68874-7","display":"Pediatric otolaryngology Hospital Consult note"},{"system":"http://loinc.org","code":"68787-1","display":"Pediatric pulmonology Hospital Consult note"},{"system":"http://loinc.org","code":"68879-6","display":"Pediatric rheumatology Hospital Consult note"},{"system":"http://loinc.org","code":"68802-8","display":"Pediatric surgery Hospital Consult note"},{"system":"http://loinc.org","code":"68864-8","display":"Pediatric transplant hepatology Hospital Consult note"},{"system":"http://loinc.org","code":"68812-7","display":"Pediatric urology Hospital Consult note"},{"system":"http://loinc.org","code":"68821-8","display":"Pediatrics Hospital Consult note"},{"system":"http://loinc.org","code":"68586-7","display":"Pharmacy Hospital Consult note"},{"system":"http://loinc.org","code":"68590-9","display":"Physical therapy Hospital Consult note"},{"system":"http://loinc.org","code":"68597-4","display":"Plastic surgery Hospital Consult note"},{"system":"http://loinc.org","code":"68837-4","display":"Primary care Hospital Consult note"},{"system":"http://loinc.org","code":"34102-4","display":"Psychiatry Hospital Consult note"},{"system":"http://loinc.org","code":"64080-5","display":"Pulmonary disease.medical student Hospital Consult note"},{"system":"http://loinc.org","code":"68846-5","display":"Speech-language pathology Hospital Consult note"},{"system":"http://loinc.org","code":"64068-0","display":"Surgery medical student Hospital Consult note"},{"system":"http://loinc.org","code":"64076-3","display":"Thoracic surgery.medical student Hospital Consult note"},{"system":"http://loinc.org","code":"68852-3","display":"Transplant surgery Hospital Consult note"},{"system":"http://loinc.org","code":"34100-8","display":"Intensive care unit Consult note"},{"system":"http://loinc.org","code":"51854-8","display":"Long term care facility Consult note"},{"system":"http://loinc.org","code":"51845-6","display":"Outpatient Consult note"},{"system":"http://loinc.org","code":"34749-2","display":"Anesthesiology Outpatient Consult note"},{"system":"http://loinc.org","code":"34101-6","display":"General medicine Outpatient Consult note"}]}}